book_id,month,units_sold
1,2023-01,56
1,2023-02,65
1,2023-03,74
1,2023-04,86
1,2023-05,100
1,2023-06,102
1,2023-07,133
1,2023-08,135
1,2023-09,111
1,2023-10,105
1,2023-11,59
1,2023-12,71
1,2024-01,72
1,2024-02,88
1,2024-03,80
1,2024-04,90
1,2024-05,137
1,2024-06,154
1,2024-07,135
1,2024-08,150
1,2024-09,119
1,2024-10,128
1,2024-11,84
1,2024-12,68
1,2025-01,72
1,2025-02,85
1,2025-03,92
1,2025-04,135
1,2025-05,156
1,2025-06,133
1,2025-07,149
1,2025-08,164
1,2025-09,140
1,2025-10,117
1,2025-11,96
1,2025-12,92
2,2023-01,137
2,2023-02,105
2,2023-03,87
2,2023-04,93
2,2023-05,107
2,2023-06,95
2,2023-07,142
2,2023-08,161
2,2023-09,178
2,2023-10,202
2,2023-11,203
2,2023-12,175
2,2024-01,130
2,2024-02,123
2,2024-03,131
2,2024-04,90
2,2024-05,130
2,2024-06,127
2,2024-07,183
2,2024-08,188
2,2024-09,233
2,2024-10,235
2,2024-11,242
2,2024-12,172
2,2025-01,152
2,2025-02,149
2,2025-03,138
2,2025-04,120
2,2025-05,112
2,2025-06,165
2,2025-07,169
2,2025-08,203
2,2025-09,248
2,2025-10,268
2,2025-11,217
2,2025-12,248
3,2023-01,241
3,2023-02,303
3,2023-03,255
3,2023-04,272
3,2023-05,204
3,2023-06,181
3,2023-07,118
3,2023-08,146
3,2023-09,169
3,2023-10,206
3,2023-11,274
3,2023-12,241
3,2024-01,372
3,2024-02,270
3,2024-03,343
3,2024-04,274
3,2024-05,191
3,2024-06,241
3,2024-07,165
3,2024-08,155
3,2024-09,178
3,2024-10,250
3,2024-11,269
3,2024-12,317
3,2025-01,317
3,2025-02,374
3,2025-03,269
3,2025-04,290
3,2025-05,312
3,2025-06,243
3,2025-07,214
3,2025-08,186
3,2025-09,171
3,2025-10,164
3,2025-11,257
3,2025-12,385
4,2023-01,29
4,2023-02,30
4,2023-03,32
4,2023-04,39
4,2023-05,55
4,2023-06,56
4,2023-07,68
4,2023-08,61
4,2023-09,62
4,2023-10,58
4,2023-11,55
4,2023-12,48
4,2024-01,44
4,2024-02,35
4,2024-03,37
4,2024-04,43
4,2024-05,53
4,2024-06,57
4,2024-07,82
4,2024-08,70
4,2024-09,77
4,2024-10,73
4,2024-11,61
4,2024-12,50
4,2025-01,38
4,2025-02,40
4,2025-03,45
4,2025-04,53
4,2025-05,72
4,2025-06,69
4,2025-07,96
4,2025-08,85
4,2025-09,89
4,2025-10,74
4,2025-11,64
4,2025-12,68
5,2023-01,122
5,2023-02,113
5,2023-03,81
5,2023-04,67
5,2023-05,53
5,2023-06,66
5,2023-07,69
5,2023-08,117
5,2023-09,124
5,2023-10,106
5,2023-11,135
5,2023-12,129
5,2024-01,106
5,2024-02,84
5,2024-03,86
5,2024-04,69
5,2024-05,55
5,2024-06,64
5,2024-07,78
5,2024-08,88
5,2024-09,101
5,2024-10,92
5,2024-11,93
5,2024-12,118
5,2025-01,96
5,2025-02,80
5,2025-03,60
5,2025-04,54
5,2025-05,42
5,2025-06,50
5,2025-07,61
5,2025-08,74
5,2025-09,84
5,2025-10,93
5,2025-11,95
5,2025-12,102
6,2023-01,169
6,2023-02,192
6,2023-03,149
6,2023-04,148
6,2023-05,82
6,2023-06,75
6,2023-07,79
6,2023-08,121
6,2023-09,103
6,2023-10,136
6,2023-11,152
6,2023-12,176
6,2024-01,221
6,2024-02,188
6,2024-03,132
6,2024-04,149
6,2024-05,101
6,2024-06,110
6,2024-07,110
6,2024-08,111
6,2024-09,125
6,2024-10,137
6,2024-11,199
6,2024-12,196
6,2025-01,194
6,2025-02,224
6,2025-03,211
6,2025-04,150
6,2025-05,146
6,2025-06,111
6,2025-07,78
6,2025-08,122
6,2025-09,117
6,2025-10,147
6,2025-11,174
6,2025-12,201
7,2023-01,66
7,2023-02,54
7,2023-03,40
7,2023-04,42
7,2023-05,44
7,2023-06,46
7,2023-07,57
7,2023-08,56
7,2023-09,90
7,2023-10,80
7,2023-11,81
7,2023-12,69
7,2024-01,77
7,2024-02,50
7,2024-03,38
7,2024-04,41
7,2024-05,39
7,2024-06,60
7,2024-07,75
7,2024-08,74
7,2024-09,84
7,2024-10,80
7,2024-11,87
7,2024-12,78
7,2025-01,55
7,2025-02,52
7,2025-03,44
7,2025-04,50
7,2025-05,45
7,2025-06,53
7,2025-07,60
7,2025-08,76
7,2025-09,79
7,2025-10,75
7,2025-11,91
7,2025-12,89
8,2023-01,71
8,2023-02,66
8,2023-03,58
8,2023-04,49
8,2023-05,44
8,2023-06,43
8,2023-07,43
8,2023-08,51
8,2023-09,55
8,2023-10,78
8,2023-11,79
8,2023-12,76
8,2024-01,82
8,2024-02,71
8,2024-03,47
8,2024-04,45
8,2024-05,33
8,2024-06,39
8,2024-07,49
8,2024-08,50
8,2024-09,57
8,2024-10,64
8,2024-11,75
8,2024-12,73
8,2025-01,72
8,2025-02,66
8,2025-03,55
8,2025-04,51
8,2025-05,37
8,2025-06,32
8,2025-07,41
8,2025-08,49
8,2025-09,60
8,2025-10,66
8,2025-11,81
8,2025-12,79
9,2023-01,16
9,2023-02,20
9,2023-03,23
9,2023-04,32
9,2023-05,36
9,2023-06,36
9,2023-07,36
9,2023-08,41
9,2023-09,37
9,2023-10,26
9,2023-11,23
9,2023-12,21
9,2024-01,19
9,2024-02,20
9,2024-03,23
9,2024-04,23
9,2024-05,31
9,2024-06,39
9,2024-07,35
9,2024-08,31
9,2024-09,36
9,2024-10,28
9,2024-11,27
9,2024-12,22
9,2025-01,20
9,2025-02,19
9,2025-03,22
9,2025-04,28
9,2025-05,34
9,2025-06,41
9,2025-07,38
9,2025-08,39
9,2025-09,29
9,2025-10,31
9,2025-11,28
9,2025-12,19
10,2023-01,63
10,2023-02,85
10,2023-03,67
10,2023-04,52
10,2023-05,44
10,2023-06,66
10,2023-07,108
10,2023-08,114
10,2023-09,151
10,2023-10,116
10,2023-11,108
10,2023-12,118
10,2024-01,73
10,2024-02,71
10,2024-03,46
10,2024-04,61
10,2024-05,63
10,2024-06,72
10,2024-07,69
10,2024-08,96
10,2024-09,121
10,2024-10,108
10,2024-11,107
10,2024-12,115
10,2025-01,101
10,2025-02,63
10,2025-03,62
10,2025-04,58
10,2025-05,76
10,2025-06,62
10,2025-07,104
10,2025-08,74
10,2025-09,117
10,2025-10,114
10,2025-11,95
10,2025-12,105
11,2023-01,235
11,2023-02,167
11,2023-03,227
11,2023-04,185
11,2023-05,168
11,2023-06,131
11,2023-07,104
11,2023-08,107
11,2023-09,129
11,2023-10,125
11,2023-11,175
11,2023-12,206
11,2024-01,282
11,2024-02,305
11,2024-03,263
11,2024-04,229
11,2024-05,209
11,2024-06,170
11,2024-07,160
11,2024-08,139
11,2024-09,133
11,2024-10,159
11,2024-11,193
11,2024-12,213
11,2025-01,283
11,2025-02,277
11,2025-03,278
11,2025-04,250
11,2025-05,213
11,2025-06,166
11,2025-07,150
11,2025-08,113
11,2025-09,136
11,2025-10,175
11,2025-11,234
11,2025-12,242
12,2023-01,102
12,2023-02,77
12,2023-03,108
12,2023-04,133
12,2023-05,135
12,2023-06,189
12,2023-07,211
12,2023-08,198
12,2023-09,177
12,2023-10,166
12,2023-11,150
12,2023-12,117
12,2024-01,100
12,2024-02,98
12,2024-03,126
12,2024-04,132
12,2024-05,184
12,2024-06,145
12,2024-07,226
12,2024-08,158
12,2024-09,161
12,2024-10,219
12,2024-11,160
12,2024-12,154
12,2025-01,125
12,2025-02,124
12,2025-03,124
12,2025-04,118
12,2025-05,178
12,2025-06,227
12,2025-07,263
12,2025-08,254
12,2025-09,275
12,2025-10,235
12,2025-11,180
12,2025-12,175
13,2023-01,55
13,2023-02,53
13,2023-03,39
13,2023-04,38
13,2023-05,33
13,2023-06,34
13,2023-07,41
13,2023-08,53
13,2023-09,59
13,2023-10,69
13,2023-11,62
13,2023-12,69
13,2024-01,64
13,2024-02,42
13,2024-03,41
13,2024-04,36
13,2024-05,42
13,2024-06,36
13,2024-07,40
13,2024-08,60
13,2024-09,64
13,2024-10,67
13,2024-11,63
13,2024-12,67
13,2025-01,62
13,2025-02,57
13,2025-03,44
13,2025-04,33
13,2025-05,42
13,2025-06,36
13,2025-07,47
13,2025-08,54
13,2025-09,65
13,2025-10,83
13,2025-11,74
13,2025-12,77
14,2023-01,179
14,2023-02,180
14,2023-03,208
14,2023-04,153
14,2023-05,93
14,2023-06,88
14,2023-07,111
14,2023-08,99
14,2023-09,136
14,2023-10,192
14,2023-11,226
14,2023-12,250
14,2024-01,226
14,2024-02,190
14,2024-03,199
14,2024-04,199
14,2024-05,123
14,2024-06,108
14,2024-07,130
14,2024-08,122
14,2024-09,130
14,2024-10,186
14,2024-11,191
14,2024-12,265
14,2025-01,286
14,2025-02,271
14,2025-03,206
14,2025-04,202
14,2025-05,150
14,2025-06,126
14,2025-07,151
14,2025-08,126
14,2025-09,161
14,2025-10,152
14,2025-11,342
14,2025-12,247
15,2023-01,124
15,2023-02,106
15,2023-03,87
15,2023-04,89
15,2023-05,81
15,2023-06,79
15,2023-07,109
15,2023-08,145
15,2023-09,151
15,2023-10,176
15,2023-11,152
15,2023-12,142
15,2024-01,152
15,2024-02,106
15,2024-03,70
15,2024-04,86
15,2024-05,83
15,2024-06,127
15,2024-07,127
15,2024-08,157
15,2024-09,152
15,2024-10,148
15,2024-11,184
15,2024-12,126
15,2025-01,145
15,2025-02,116
15,2025-03,79
15,2025-04,94
15,2025-05,84
15,2025-06,116
15,2025-07,122
15,2025-08,176
15,2025-09,175
15,2025-10,149
15,2025-11,152
15,2025-12,169
16,2023-01,91
16,2023-02,114
16,2023-03,76
16,2023-04,84
16,2023-05,63
16,2023-06,56
16,2023-07,64
16,2023-08,61
16,2023-09,97
16,2023-10,101
16,2023-11,117
16,2023-12,105
16,2024-01,102
16,2024-02,103
16,2024-03,84
16,2024-04,58
16,2024-05,65
16,2024-06,70
16,2024-07,75
16,2024-08,74
16,2024-09,107
16,2024-10,114
16,2024-11,129
16,2024-12,119
16,2025-01,146
16,2025-02,86
16,2025-03,83
16,2025-04,69
16,2025-05,60
16,2025-06,64
16,2025-07,73
16,2025-08,88
16,2025-09,104
16,2025-10,141
16,2025-11,129
16,2025-12,124
17,2023-01,115
17,2023-02,130
17,2023-03,126
17,2023-04,175
17,2023-05,168
17,2023-06,196
17,2023-07,237
17,2023-08,229
17,2023-09,155
17,2023-10,154
17,2023-11,146
17,2023-12,123
17,2024-01,104
17,2024-02,103
17,2024-03,150
17,2024-04,192
17,2024-05,181
17,2024-06,189
17,2024-07,154
17,2024-08,208
17,2024-09,168
17,2024-10,163
17,2024-11,119
17,2024-12,91
17,2025-01,101
17,2025-02,90
17,2025-03,116
17,2025-04,150
17,2025-05,115
17,2025-06,188
17,2025-07,202
17,2025-08,189
17,2025-09,153
17,2025-10,167
17,2025-11,105
17,2025-12,73
18,2023-01,250
18,2023-02,178
18,2023-03,133
18,2023-04,120
18,2023-05,134
18,2023-06,191
18,2023-07,210
18,2023-08,300
18,2023-09,285
18,2023-10,328
18,2023-11,277
18,2023-12,266
18,2024-01,210
18,2024-02,165
18,2024-03,145
18,2024-04,147
18,2024-05,144
18,2024-06,201
18,2024-07,236
18,2024-08,216
18,2024-09,271
18,2024-10,330
18,2024-11,356
18,2024-12,253
18,2025-01,234
18,2025-02,136
18,2025-03,144
18,2025-04,139
18,2025-05,153
18,2025-06,200
18,2025-07,204
18,2025-08,259
18,2025-09,247
18,2025-10,300
18,2025-11,300
18,2025-12,251
19,2023-01,88
19,2023-02,84
19,2023-03,65
19,2023-04,81
19,2023-05,56
19,2023-06,46
19,2023-07,45
19,2023-08,44
19,2023-09,36
19,2023-10,46
19,2023-11,64
19,2023-12,86
19,2024-01,88
19,2024-02,102
19,2024-03,67
19,2024-04,76
19,2024-05,71
19,2024-06,54
19,2024-07,36
19,2024-08,51
19,2024-09,45
19,2024-10,52
19,2024-11,52
19,2024-12,85
19,2025-01,74
19,2025-02,75
19,2025-03,83
19,2025-04,74
19,2025-05,68
19,2025-06,48
19,2025-07,46
19,2025-08,37
19,2025-09,42
19,2025-10,52
19,2025-11,66
19,2025-12,69
20,2023-01,35
20,2023-02,33
20,2023-03,27
20,2023-04,39
20,2023-05,48
20,2023-06,61
20,2023-07,68
20,2023-08,59
20,2023-09,62
20,2023-10,54
20,2023-11,36
20,2023-12,32
20,2024-01,34
20,2024-02,30
20,2024-03,29
20,2024-04,35
20,2024-05,34
20,2024-06,47
20,2024-07,57
20,2024-08,60
20,2024-09,56
20,2024-10,54
20,2024-11,30
20,2024-12,34
20,2025-01,26
20,2025-02,23
20,2025-03,30
20,2025-04,33
20,2025-05,39
20,2025-06,49
20,2025-07,44
20,2025-08,50
20,2025-09,55
20,2025-10,38
20,2025-11,32
20,2025-12,27
21,2023-01,68
21,2023-02,63
21,2023-03,58
21,2023-04,51
21,2023-05,41
21,2023-06,45
21,2023-07,60
21,2023-08,66
21,2023-09,93
21,2023-10,90
21,2023-11,79
21,2023-12,83
21,2024-01,83
21,2024-02,72
21,2024-03,69
21,2024-04,63
21,2024-05,49
21,2024-06,57
21,2024-07,63
21,2024-08,78
21,2024-09,93
21,2024-10,110
21,2024-11,120
21,2024-12,103
21,2025-01,74
21,2025-02,89
21,2025-03,84
21,2025-04,59
21,2025-05,60
21,2025-06,56
21,2025-07,83
21,2025-08,81
21,2025-09,109
21,2025-10,119
21,2025-11,109
21,2025-12,122
22,2023-01,273
22,2023-02,203
22,2023-03,213
22,2023-04,181
22,2023-05,133
22,2023-06,135
22,2023-07,111
22,2023-08,137
22,2023-09,141
22,2023-10,176
22,2023-11,231
22,2023-12,228
22,2024-01,209
22,2024-02,246
22,2024-03,222
22,2024-04,187
22,2024-05,132
22,2024-06,120
22,2024-07,88
22,2024-08,115
22,2024-09,113
22,2024-10,101
22,2024-11,148
22,2024-12,166
22,2025-01,198
22,2025-02,200
22,2025-03,194
22,2025-04,155
22,2025-05,110
22,2025-06,88
22,2025-07,97
22,2025-08,85
22,2025-09,125
22,2025-10,137
22,2025-11,145
22,2025-12,143
23,2023-01,82
23,2023-02,72
23,2023-03,40
23,2023-04,52
23,2023-05,45
23,2023-06,46
23,2023-07,69
23,2023-08,80
23,2023-09,70
23,2023-10,90
23,2023-11,83
23,2023-12,74
23,2024-01,62
23,2024-02,64
23,2024-03,47
23,2024-04,34
23,2024-05,38
23,2024-06,39
23,2024-07,63
23,2024-08,67
23,2024-09,77
23,2024-10,69
23,2024-11,77
23,2024-12,69
23,2025-01,45
23,2025-02,52
23,2025-03,35
23,2025-04,34
23,2025-05,34
23,2025-06,40
23,2025-07,48
23,2025-08,43
23,2025-09,66
23,2025-10,46
23,2025-11,69
23,2025-12,59
24,2023-01,238
24,2023-02,238
24,2023-03,205
24,2023-04,206
24,2023-05,155
24,2023-06,173
24,2023-07,162
24,2023-08,158
24,2023-09,263
24,2023-10,236
24,2023-11,348
24,2023-12,345
24,2024-01,377
24,2024-02,313
24,2024-03,234
24,2024-04,157
24,2024-05,127
24,2024-06,180
24,2024-07,172
24,2024-08,227
24,2024-09,337
24,2024-10,301
24,2024-11,309
24,2024-12,374
24,2025-01,296
24,2025-02,381
24,2025-03,294
24,2025-04,184
24,2025-05,225
24,2025-06,169
24,2025-07,213
24,2025-08,247
24,2025-09,255
24,2025-10,314
24,2025-11,385
24,2025-12,434
25,2023-01,45
25,2023-02,44
25,2023-03,74
25,2023-04,94
25,2023-05,83
25,2023-06,90
25,2023-07,141
25,2023-08,120
25,2023-09,125
25,2023-10,89
25,2023-11,76
25,2023-12,77
25,2024-01,75
25,2024-02,83
25,2024-03,64
25,2024-04,98
25,2024-05,110
25,2024-06,120
25,2024-07,131
25,2024-08,105
25,2024-09,134
25,2024-10,104
25,2024-11,62
25,2024-12,57
25,2025-01,68
25,2025-02,68
25,2025-03,81
25,2025-04,125
25,2025-05,135
25,2025-06,135
25,2025-07,155
25,2025-08,145
25,2025-09,136
25,2025-10,102
25,2025-11,108
25,2025-12,88
26,2023-01,335
26,2023-02,296
26,2023-03,235
26,2023-04,223
26,2023-05,243
26,2023-06,298
26,2023-07,314
26,2023-08,404
26,2023-09,447
26,2023-10,273
26,2023-11,339
26,2023-12,310
26,2024-01,289
26,2024-02,269
26,2024-03,182
26,2024-04,183
26,2024-05,209
26,2024-06,240
26,2024-07,374
26,2024-08,368
26,2024-09,423
26,2024-10,414
26,2024-11,296
26,2024-12,460
26,2025-01,277
26,2025-02,273
26,2025-03,197
26,2025-04,165
26,2025-05,187
26,2025-06,242
26,2025-07,312
26,2025-08,351
26,2025-09,297
26,2025-10,393
26,2025-11,423
26,2025-12,369
27,2023-01,230
27,2023-02,205
27,2023-03,224
27,2023-04,258
27,2023-05,157
27,2023-06,155
27,2023-07,120
27,2023-08,117
27,2023-09,130
27,2023-10,138
27,2023-11,191
27,2023-12,155
27,2024-01,240
27,2024-02,227
27,2024-03,197
27,2024-04,233
27,2024-05,227
27,2024-06,148
27,2024-07,151
27,2024-08,128
27,2024-09,130
27,2024-10,158
27,2024-11,230
27,2024-12,230
27,2025-01,270
27,2025-02,276
27,2025-03,293
27,2025-04,254
27,2025-05,205
27,2025-06,156
27,2025-07,161
27,2025-08,138
27,2025-09,154
27,2025-10,172
27,2025-11,218
27,2025-12,253
28,2023-01,92
28,2023-02,71
28,2023-03,85
28,2023-04,110
28,2023-05,95
28,2023-06,151
28,2023-07,150
28,2023-08,153
28,2023-09,160
28,2023-10,105
28,2023-11,109
28,2023-12,118
28,2024-01,75
28,2024-02,67
28,2024-03,85
28,2024-04,84
28,2024-05,91
28,2024-06,114
28,2024-07,125
28,2024-08,175
28,2024-09,145
28,2024-10,120
28,2024-11,103
28,2024-12,96
28,2025-01,89
28,2025-02,75
28,2025-03,76
28,2025-04,83
28,2025-05,94
28,2025-06,114
28,2025-07,123
28,2025-08,169
28,2025-09,151
28,2025-10,115
28,2025-11,96
28,2025-12,73
29,2023-01,163
29,2023-02,141
29,2023-03,124
29,2023-04,89
29,2023-05,108
29,2023-06,102
29,2023-07,105
29,2023-08,146
29,2023-09,150
29,2023-10,185
29,2023-11,228
29,2023-12,225
29,2024-01,171
29,2024-02,176
29,2024-03,139
29,2024-04,102
29,2024-05,78
29,2024-06,115
29,2024-07,127
29,2024-08,152
29,2024-09,202
29,2024-10,213
29,2024-11,223
29,2024-12,211
29,2025-01,148
29,2025-02,181
29,2025-03,134
29,2025-04,111
29,2025-05,104
29,2025-06,123
29,2025-07,132
29,2025-08,192
29,2025-09,207
29,2025-10,180
29,2025-11,205
29,2025-12,252
30,2023-01,135
30,2023-02,151
30,2023-03,142
30,2023-04,94
30,2023-05,77
30,2023-06,79
30,2023-07,73
30,2023-08,65
30,2023-09,74
30,2023-10,101
30,2023-11,77
30,2023-12,174
30,2024-01,159
30,2024-02,156
30,2024-03,118
30,2024-04,92
30,2024-05,82
30,2024-06,88
30,2024-07,79
30,2024-08,63
30,2024-09,95
30,2024-10,95
30,2024-11,108
30,2024-12,148
30,2025-01,136
30,2025-02,146
30,2025-03,125
30,2025-04,110
30,2025-05,71
30,2025-06,71
30,2025-07,71
30,2025-08,68
30,2025-09,103
30,2025-10,116
30,2025-11,118
30,2025-12,169
31,2023-01,82
31,2023-02,51
31,2023-03,51
31,2023-04,40
31,2023-05,52
31,2023-06,52
31,2023-07,62
31,2023-08,82
31,2023-09,92
31,2023-10,78
31,2023-11,101
31,2023-12,81
31,2024-01,59
31,2024-02,50
31,2024-03,47
31,2024-04,49
31,2024-05,43
31,2024-06,41
31,2024-07,61
31,2024-08,60
31,2024-09,86
31,2024-10,70
31,2024-11,68
31,2024-12,64
31,2025-01,46
31,2025-02,51
31,2025-03,35
31,2025-04,32
31,2025-05,36
31,2025-06,40
31,2025-07,46
31,2025-08,59
31,2025-09,50
31,2025-10,63
31,2025-11,64
31,2025-12,61
32,2023-01,125
32,2023-02,116
32,2023-03,85
32,2023-04,90
32,2023-05,80
32,2023-06,56
32,2023-07,102
32,2023-08,74
32,2023-09,106
32,2023-10,140
32,2023-11,140
32,2023-12,180
32,2024-01,116
32,2024-02,121
32,2024-03,106
32,2024-04,91
32,2024-05,77
32,2024-06,66
32,2024-07,76
32,2024-08,89
32,2024-09,104
32,2024-10,139
32,2024-11,129
32,2024-12,110
32,2025-01,130
32,2025-02,106
32,2025-03,95
32,2025-04,104
32,2025-05,63
32,2025-06,70
32,2025-07,62
32,2025-08,96
32,2025-09,105
32,2025-10,117
32,2025-11,127
32,2025-12,108
33,2023-01,36
33,2023-02,47
33,2023-03,51
33,2023-04,53
33,2023-05,69
33,2023-06,79
33,2023-07,74
33,2023-08,67
33,2023-09,69
33,2023-10,65
33,2023-11,46
33,2023-12,37
33,2024-01,39
33,2024-02,37
33,2024-03,54
33,2024-04,63
33,2024-05,75
33,2024-06,60
33,2024-07,73
33,2024-08,84
33,2024-09,78
33,2024-10,51
33,2024-11,49
33,2024-12,41
33,2025-01,41
33,2025-02,46
33,2025-03,56
33,2025-04,64
33,2025-05,76
33,2025-06,77
33,2025-07,88
33,2025-08,76
33,2025-09,74
33,2025-10,56
33,2025-11,53
33,2025-12,39
34,2023-01,124
34,2023-02,92
34,2023-03,86
34,2023-04,77
34,2023-05,77
34,2023-06,100
34,2023-07,97
34,2023-08,151
34,2023-09,168
34,2023-10,153
34,2023-11,197
34,2023-12,155
34,2024-01,131
34,2024-02,107
34,2024-03,98
34,2024-04,97
34,2024-05,75
34,2024-06,98
34,2024-07,133
34,2024-08,180
34,2024-09,219
34,2024-10,135
34,2024-11,193
34,2024-12,207
34,2025-01,131
34,2025-02,120
34,2025-03,106
34,2025-04,98
34,2025-05,115
34,2025-06,124
34,2025-07,127
34,2025-08,202
34,2025-09,256
34,2025-10,207
34,2025-11,265
34,2025-12,200
35,2023-01,247
35,2023-02,262
35,2023-03,282
35,2023-04,196
35,2023-05,205
35,2023-06,178
35,2023-07,141
35,2023-08,145
35,2023-09,148
35,2023-10,181
35,2023-11,181
35,2023-12,266
35,2024-01,288
35,2024-02,261
35,2024-03,309
35,2024-04,277
35,2024-05,247
35,2024-06,224
35,2024-07,162
35,2024-08,166
35,2024-09,128
35,2024-10,160
35,2024-11,235
35,2024-12,263
35,2025-01,241
35,2025-02,348
35,2025-03,339
35,2025-04,360
35,2025-05,223
35,2025-06,230
35,2025-07,184
35,2025-08,138
35,2025-09,207
35,2025-10,263
35,2025-11,252
35,2025-12,324
36,2023-01,104
36,2023-02,102
36,2023-03,113
36,2023-04,151
36,2023-05,170
36,2023-06,173
36,2023-07,197
36,2023-08,207
36,2023-09,206
36,2023-10,170
36,2023-11,148
36,2023-12,150
36,2024-01,120
36,2024-02,110
36,2024-03,100
36,2024-04,126
36,2024-05,191
36,2024-06,197
36,2024-07,203
36,2024-08,214
36,2024-09,268
36,2024-10,191
36,2024-11,171
36,2024-12,142
36,2025-01,122
36,2025-02,119
36,2025-03,134
36,2025-04,143
36,2025-05,153
36,2025-06,231
36,2025-07,295
36,2025-08,260
36,2025-09,244
36,2025-10,235
36,2025-11,219
36,2025-12,165
37,2023-01,36
37,2023-02,31
37,2023-03,28
37,2023-04,20
37,2023-05,20
37,2023-06,22
37,2023-07,23
37,2023-08,27
37,2023-09,27
37,2023-10,32
37,2023-11,30
37,2023-12,34
37,2024-01,35
37,2024-02,29
37,2024-03,18
37,2024-04,19
37,2024-05,18
37,2024-06,20
37,2024-07,22
37,2024-08,31
37,2024-09,27
37,2024-10,32
37,2024-11,38
37,2024-12,33
37,2025-01,32
37,2025-02,29
37,2025-03,24
37,2025-04,14
37,2025-05,17
37,2025-06,20
37,2025-07,21
37,2025-08,28
37,2025-09,23
37,2025-10,37
37,2025-11,33
37,2025-12,33
38,2023-01,106
38,2023-02,96
38,2023-03,82
38,2023-04,60
38,2023-05,82
38,2023-06,62
38,2023-07,42
38,2023-08,50
38,2023-09,81
38,2023-10,92
38,2023-11,90
38,2023-12,105
38,2024-01,135
38,2024-02,108
38,2024-03,112
38,2024-04,92
38,2024-05,83
38,2024-06,59
38,2024-07,55
38,2024-08,65
38,2024-09,68
38,2024-10,101
38,2024-11,107
38,2024-12,116
38,2025-01,112
38,2025-02,133
38,2025-03,134
38,2025-04,118
38,2025-05,64
38,2025-06,71
38,2025-07,66
38,2025-08,55
38,2025-09,90
38,2025-10,94
38,2025-11,103
38,2025-12,90
39,2023-01,93
39,2023-02,69
39,2023-03,64
39,2023-04,53
39,2023-05,59
39,2023-06,75
39,2023-07,77
39,2023-08,86
39,2023-09,122
39,2023-10,129
39,2023-11,134
39,2023-12,120
39,2024-01,105
39,2024-02,73
39,2024-03,68
39,2024-04,70
39,2024-05,71
39,2024-06,83
39,2024-07,128
39,2024-08,123
39,2024-09,108
39,2024-10,177
39,2024-11,117
39,2024-12,141
39,2025-01,115
39,2025-02,96
39,2025-03,65
39,2025-04,69
39,2025-05,99
39,2025-06,98
39,2025-07,122
39,2025-08,129
39,2025-09,171
39,2025-10,171
39,2025-11,160
39,2025-12,120
40,2023-01,88
40,2023-02,91
40,2023-03,60
40,2023-04,58
40,2023-05,55
40,2023-06,61
40,2023-07,45
40,2023-08,43
40,2023-09,65
40,2023-10,102
40,2023-11,86
40,2023-12,87
40,2024-01,66
40,2024-02,76
40,2024-03,78
40,2024-04,55
40,2024-05,44
40,2024-06,42
40,2024-07,48
40,2024-08,64
40,2024-09,67
40,2024-10,99
40,2024-11,96
40,2024-12,86
40,2025-01,95
40,2025-02,76
40,2025-03,72
40,2025-04,53
40,2025-05,49
40,2025-06,39
40,2025-07,44
40,2025-08,46
40,2025-09,61
40,2025-10,64
40,2025-11,80
40,2025-12,86
41,2023-01,65
41,2023-02,93
41,2023-03,82
41,2023-04,112
41,2023-05,113
41,2023-06,149
41,2023-07,125
41,2023-08,176
41,2023-09,125
41,2023-10,101
41,2023-11,80
41,2023-12,75
41,2024-01,71
41,2024-02,86
41,2024-03,120
41,2024-04,130
41,2024-05,143
41,2024-06,134
41,2024-07,158
41,2024-08,138
41,2024-09,138
41,2024-10,122
41,2024-11,126
41,2024-12,89
41,2025-01,99
41,2025-02,89
41,2025-03,112
41,2025-04,136
41,2025-05,134
41,2025-06,165
41,2025-07,135
41,2025-08,175
41,2025-09,134
41,2025-10,112
41,2025-11,82
41,2025-12,71
42,2023-01,97
42,2023-02,65
42,2023-03,62
42,2023-04,56
42,2023-05,73
42,2023-06,74
42,2023-07,92
42,2023-08,112
42,2023-09,130
42,2023-10,115
42,2023-11,129
42,2023-12,84
42,2024-01,92
42,2024-02,73
42,2024-03,54
42,2024-04,50
42,2024-05,77
42,2024-06,81
42,2024-07,92
42,2024-08,126
42,2024-09,121
42,2024-10,108
42,2024-11,98
42,2024-12,84
42,2025-01,72
42,2025-02,66
42,2025-03,33
42,2025-04,51
42,2025-05,53
42,2025-06,49
42,2025-07,80
42,2025-08,86
42,2025-09,92
42,2025-10,95
42,2025-11,97
42,2025-12,84
43,2023-01,266
43,2023-02,259
43,2023-03,296
43,2023-04,274
43,2023-05,224
43,2023-06,161
43,2023-07,191
43,2023-08,162
43,2023-09,144
43,2023-10,177
43,2023-11,231
43,2023-12,240
43,2024-01,306
43,2024-02,369
43,2024-03,333
43,2024-04,308
43,2024-05,273
43,2024-06,197
43,2024-07,145
43,2024-08,179
43,2024-09,233
43,2024-10,229
43,2024-11,227
43,2024-12,340
43,2025-01,361
43,2025-02,391
43,2025-03,420
43,2025-04,315
43,2025-05,308
43,2025-06,239
43,2025-07,181
43,2025-08,181
43,2025-09,201
43,2025-10,255
43,2025-11,275
43,2025-12,382
44,2023-01,139
44,2023-02,119
44,2023-03,146
44,2023-04,175
44,2023-05,183
44,2023-06,234
44,2023-07,223
44,2023-08,320
44,2023-09,298
44,2023-10,265
44,2023-11,201
44,2023-12,187
44,2024-01,150
44,2024-02,116
44,2024-03,155
44,2024-04,199
44,2024-05,265
44,2024-06,292
44,2024-07,260
44,2024-08,356
44,2024-09,325
44,2024-10,304
44,2024-11,228
44,2024-12,261
44,2025-01,200
44,2025-02,138
44,2025-03,180
44,2025-04,217
44,2025-05,270
44,2025-06,302
44,2025-07,324
44,2025-08,363
44,2025-09,312
44,2025-10,323
44,2025-11,179
44,2025-12,284
45,2023-01,265
45,2023-02,158
45,2023-03,155
45,2023-04,167
45,2023-05,145
45,2023-06,149
45,2023-07,174
45,2023-08,220
45,2023-09,303
45,2023-10,346
45,2023-11,345
45,2023-12,307
45,2024-01,257
45,2024-02,197
45,2024-03,206
45,2024-04,196
45,2024-05,158
45,2024-06,167
45,2024-07,231
45,2024-08,186
45,2024-09,293
45,2024-10,324
45,2024-11,353
45,2024-12,294
45,2025-01,254
45,2025-02,304
45,2025-03,174
45,2025-04,170
45,2025-05,167
45,2025-06,184
45,2025-07,216
45,2025-08,257
45,2025-09,345
45,2025-10,317
45,2025-11,314
45,2025-12,371
46,2023-01,214
46,2023-02,153
46,2023-03,203
46,2023-04,184
46,2023-05,107
46,2023-06,93
46,2023-07,89
46,2023-08,113
46,2023-09,135
46,2023-10,111
46,2023-11,159
46,2023-12,181
46,2024-01,179
46,2024-02,139
46,2024-03,176
46,2024-04,119
46,2024-05,121
46,2024-06,109
46,2024-07,100
46,2024-08,84
46,2024-09,112
46,2024-10,135
46,2024-11,182
46,2024-12,162
46,2025-01,193
46,2025-02,163
46,2025-03,148
46,2025-04,138
46,2025-05,99
46,2025-06,88
46,2025-07,66
46,2025-08,72
46,2025-09,103
46,2025-10,103
46,2025-11,156
46,2025-12,163
47,2023-01,72
47,2023-02,61
47,2023-03,51
47,2023-04,42
47,2023-05,43
47,2023-06,61
47,2023-07,67
47,2023-08,82
47,2023-09,89
47,2023-10,82
47,2023-11,108
47,2023-12,65
47,2024-01,64
47,2024-02,48
47,2024-03,42
47,2024-04,38
47,2024-05,47
47,2024-06,54
47,2024-07,61
47,2024-08,61
47,2024-09,76
47,2024-10,86
47,2024-11,83
47,2024-12,71
47,2025-01,62
47,2025-02,51
47,2025-03,36
47,2025-04,33
47,2025-05,40
47,2025-06,43
47,2025-07,53
47,2025-08,76
47,2025-09,53
47,2025-10,67
47,2025-11,80
47,2025-12,65
48,2023-01,118
48,2023-02,116
48,2023-03,111
48,2023-04,86
48,2023-05,66
48,2023-06,60
48,2023-07,66
48,2023-08,91
48,2023-09,78
48,2023-10,105
48,2023-11,139
48,2023-12,133
48,2024-01,113
48,2024-02,119
48,2024-03,107
48,2024-04,76
48,2024-05,63
48,2024-06,66
48,2024-07,75
48,2024-08,76
48,2024-09,76
48,2024-10,104
48,2024-11,116
48,2024-12,123
48,2025-01,122
48,2025-02,103
48,2025-03,86
48,2025-04,70
48,2025-05,64
48,2025-06,55
48,2025-07,60
48,2025-08,80
48,2025-09,88
48,2025-10,94
48,2025-11,115
48,2025-12,112
49,2023-01,203
49,2023-02,238
49,2023-03,242
49,2023-04,301
49,2023-05,339
49,2023-06,396
49,2023-07,410
49,2023-08,390
49,2023-09,342
49,2023-10,298
49,2023-11,235
49,2023-12,209
49,2024-01,222
49,2024-02,214
49,2024-03,272
49,2024-04,338
49,2024-05,396
49,2024-06,397
49,2024-07,374
49,2024-08,370
49,2024-09,316
49,2024-10,250
49,2024-11,209
49,2024-12,169
49,2025-01,195
49,2025-02,253
49,2025-03,220
49,2025-04,281
49,2025-05,323
49,2025-06,329
49,2025-07,336
49,2025-08,328
49,2025-09,361
49,2025-10,287
49,2025-11,193
49,2025-12,170
50,2023-01,139
50,2023-02,110
50,2023-03,78
50,2023-04,86
50,2023-05,103
50,2023-06,100
50,2023-07,105
50,2023-08,151
50,2023-09,174
50,2023-10,184
50,2023-11,159
50,2023-12,171
50,2024-01,134
50,2024-02,123
50,2024-03,86
50,2024-04,97
50,2024-05,75
50,2024-06,82
50,2024-07,86
50,2024-08,127
50,2024-09,155
50,2024-10,165
50,2024-11,185
50,2024-12,157
50,2025-01,85
50,2025-02,101
50,2025-03,88
50,2025-04,61
50,2025-05,99
50,2025-06,81
50,2025-07,129
50,2025-08,148
50,2025-09,159
50,2025-10,159
50,2025-11,158
50,2025-12,115
51,2023-01,194
51,2023-02,217
51,2023-03,263
51,2023-04,204
51,2023-05,175
51,2023-06,127
51,2023-07,123
51,2023-08,139
51,2023-09,144
51,2023-10,181
51,2023-11,198
51,2023-12,237
51,2024-01,304
51,2024-02,302
51,2024-03,302
51,2024-04,276
51,2024-05,194
51,2024-06,211
51,2024-07,194
51,2024-08,146
51,2024-09,140
51,2024-10,141
51,2024-11,231
51,2024-12,277
51,2025-01,242
51,2025-02,301
51,2025-03,276
51,2025-04,273
51,2025-05,266
51,2025-06,213
51,2025-07,156
51,2025-08,168
51,2025-09,171
51,2025-10,230
51,2025-11,241
51,2025-12,258
52,2023-01,55
52,2023-02,50
52,2023-03,57
52,2023-04,81
52,2023-05,83
52,2023-06,100
52,2023-07,85
52,2023-08,112
52,2023-09,106
52,2023-10,92
52,2023-11,85
52,2023-12,63
52,2024-01,61
52,2024-02,59
52,2024-03,55
52,2024-04,60
52,2024-05,68
52,2024-06,98
52,2024-07,99
52,2024-08,109
52,2024-09,108
52,2024-10,94
52,2024-11,95
52,2024-12,69
52,2025-01,72
52,2025-02,52
52,2025-03,60
52,2025-04,71
52,2025-05,95
52,2025-06,80
52,2025-07,108
52,2025-08,113
52,2025-09,110
52,2025-10,116
52,2025-11,81
52,2025-12,66
53,2023-01,115
53,2023-02,93
53,2023-03,76
53,2023-04,57
53,2023-05,65
53,2023-06,65
53,2023-07,73
53,2023-08,106
53,2023-09,116
53,2023-10,154
53,2023-11,126
53,2023-12,91
53,2024-01,99
53,2024-02,112
53,2024-03,75
53,2024-04,72
53,2024-05,59
53,2024-06,50
53,2024-07,73
53,2024-08,97
53,2024-09,80
53,2024-10,146
53,2024-11,128
53,2024-12,121
53,2025-01,133
53,2025-02,93
53,2025-03,67
53,2025-04,72
53,2025-05,51
53,2025-06,61
53,2025-07,83
53,2025-08,76
53,2025-09,90
53,2025-10,140
53,2025-11,151
53,2025-12,128
54,2023-01,252
54,2023-02,270
54,2023-03,228
54,2023-04,179
54,2023-05,176
54,2023-06,132
54,2023-07,126
54,2023-08,154
54,2023-09,187
54,2023-10,212
54,2023-11,196
54,2023-12,261
54,2024-01,265
54,2024-02,278
54,2024-03,192
54,2024-04,206
54,2024-05,171
54,2024-06,146
54,2024-07,134
54,2024-08,152
54,2024-09,186
54,2024-10,207
54,2024-11,157
54,2024-12,245
54,2025-01,321
54,2025-02,220
54,2025-03,284
54,2025-04,239
54,2025-05,180
54,2025-06,156
54,2025-07,103
54,2025-08,166
54,2025-09,143
54,2025-10,232
54,2025-11,217
54,2025-12,253
55,2023-01,98
55,2023-02,84
55,2023-03,63
55,2023-04,78
55,2023-05,72
55,2023-06,83
55,2023-07,121
55,2023-08,138
55,2023-09,125
55,2023-10,135
55,2023-11,151
55,2023-12,121
55,2024-01,113
55,2024-02,90
55,2024-03,85
55,2024-04,59
55,2024-05,73
55,2024-06,73
55,2024-07,115
55,2024-08,100
55,2024-09,132
55,2024-10,95
55,2024-11,116
55,2024-12,82
55,2025-01,84
55,2025-02,74
55,2025-03,57
55,2025-04,51
55,2025-05,63
55,2025-06,65
55,2025-07,69
55,2025-08,111
55,2025-09,105
55,2025-10,105
55,2025-11,90
55,2025-12,80
56,2023-01,342
56,2023-02,242
56,2023-03,269
56,2023-04,197
56,2023-05,203
56,2023-06,135
56,2023-07,175
56,2023-08,196
56,2023-09,225
56,2023-10,270
56,2023-11,373
56,2023-12,355
56,2024-01,334
56,2024-02,281
56,2024-03,164
56,2024-04,192
56,2024-05,152
56,2024-06,173
56,2024-07,188
56,2024-08,149
56,2024-09,240
56,2024-10,316
56,2024-11,291
56,2024-12,332
56,2025-01,376
56,2025-02,251
56,2025-03,238
56,2025-04,174
56,2025-05,165
56,2025-06,124
56,2025-07,191
56,2025-08,159
56,2025-09,220
56,2025-10,221
56,2025-11,309
56,2025-12,267
57,2023-01,73
57,2023-02,99
57,2023-03,107
57,2023-04,123
57,2023-05,132
57,2023-06,156
57,2023-07,132
57,2023-08,187
57,2023-09,149
57,2023-10,117
57,2023-11,97
57,2023-12,71
57,2024-01,92
57,2024-02,86
57,2024-03,115
57,2024-04,114
57,2024-05,116
57,2024-06,185
57,2024-07,146
57,2024-08,151
57,2024-09,156
57,2024-10,116
57,2024-11,82
57,2024-12,85
57,2025-01,85
57,2025-02,103
57,2025-03,106
57,2025-04,123
57,2025-05,163
57,2025-06,193
57,2025-07,162
57,2025-08,191
57,2025-09,156
57,2025-10,134
57,2025-11,118
57,2025-12,99
58,2023-01,183
58,2023-02,165
58,2023-03,118
58,2023-04,125
58,2023-05,141
58,2023-06,147
58,2023-07,224
58,2023-08,216
58,2023-09,248
58,2023-10,291
58,2023-11,237
58,2023-12,256
58,2024-01,155
58,2024-02,183
58,2024-03,169
58,2024-04,147
58,2024-05,137
58,2024-06,177
58,2024-07,247
58,2024-08,291
58,2024-09,263
58,2024-10,271
58,2024-11,294
58,2024-12,295
58,2025-01,246
58,2025-02,202
58,2025-03,181
58,2025-04,147
58,2025-05,168
58,2025-06,214
58,2025-07,298
58,2025-08,207
58,2025-09,267
58,2025-10,326
58,2025-11,317
58,2025-12,297
59,2023-01,191
59,2023-02,207
59,2023-03,204
59,2023-04,158
59,2023-05,122
59,2023-06,106
59,2023-07,90
59,2023-08,72
59,2023-09,84
59,2023-10,97
59,2023-11,145
59,2023-12,150
59,2024-01,221
59,2024-02,189
59,2024-03,190
59,2024-04,179
59,2024-05,112
59,2024-06,81
59,2024-07,107
59,2024-08,83
59,2024-09,101
59,2024-10,113
59,2024-11,127
59,2024-12,155
59,2025-01,175
59,2025-02,192
59,2025-03,213
59,2025-04,163
59,2025-05,128
59,2025-06,100
59,2025-07,96
59,2025-08,85
59,2025-09,96
59,2025-10,115
59,2025-11,149
59,2025-12,130
60,2023-01,176
60,2023-02,141
60,2023-03,187
60,2023-04,166
60,2023-05,244
60,2023-06,311
60,2023-07,285
60,2023-08,363
60,2023-09,363
60,2023-10,305
60,2023-11,290
60,2023-12,195
60,2024-01,182
60,2024-02,182
60,2024-03,246
60,2024-04,217
60,2024-05,287
60,2024-06,333
60,2024-07,401
60,2024-08,418
60,2024-09,378
60,2024-10,364
60,2024-11,292
60,2024-12,333
60,2025-01,227
60,2025-02,214
60,2025-03,275
60,2025-04,295
60,2025-05,370
60,2025-06,385
60,2025-07,437
60,2025-08,431
60,2025-09,401
60,2025-10,465
60,2025-11,397
60,2025-12,310
61,2023-01,144
61,2023-02,115
61,2023-03,82
61,2023-04,84
61,2023-05,80
61,2023-06,78
61,2023-07,123
61,2023-08,109
61,2023-09,155
61,2023-10,178
61,2023-11,200
61,2023-12,220
61,2024-01,137
61,2024-02,138
61,2024-03,98
61,2024-04,106
61,2024-05,89
61,2024-06,111
61,2024-07,114
61,2024-08,146
61,2024-09,152
61,2024-10,224
61,2024-11,188
61,2024-12,215
61,2025-01,183
61,2025-02,149
61,2025-03,126
61,2025-04,126
61,2025-05,97
61,2025-06,135
61,2025-07,132
61,2025-08,175
61,2025-09,175
61,2025-10,254
61,2025-11,244
61,2025-12,237
62,2023-01,101
62,2023-02,108
62,2023-03,102
62,2023-04,69
62,2023-05,74
62,2023-06,63
62,2023-07,47
62,2023-08,57
62,2023-09,65
62,2023-10,91
62,2023-11,93
62,2023-12,103
62,2024-01,120
62,2024-02,87
62,2024-03,102
62,2024-04,97
62,2024-05,71
62,2024-06,48
62,2024-07,57
62,2024-08,67
62,2024-09,81
62,2024-10,98
62,2024-11,123
62,2024-12,116
62,2025-01,127
62,2025-02,131
62,2025-03,127
62,2025-04,93
62,2025-05,98
62,2025-06,77
62,2025-07,63
62,2025-08,71
62,2025-09,84
62,2025-10,104
62,2025-11,121
62,2025-12,162
63,2023-01,73
63,2023-02,77
63,2023-03,68
63,2023-04,64
63,2023-05,56
63,2023-06,76
63,2023-07,100
63,2023-08,85
63,2023-09,101
63,2023-10,121
63,2023-11,107
63,2023-12,84
63,2024-01,74
63,2024-02,66
63,2024-03,51
63,2024-04,50
63,2024-05,51
63,2024-06,69
63,2024-07,87
63,2024-08,82
63,2024-09,90
63,2024-10,95
63,2024-11,102
63,2024-12,92
63,2025-01,74
63,2025-02,76
63,2025-03,53
63,2025-04,51
63,2025-05,49
63,2025-06,57
63,2025-07,70
63,2025-08,74
63,2025-09,103
63,2025-10,85
63,2025-11,94
63,2025-12,69
64,2023-01,141
64,2023-02,130
64,2023-03,150
64,2023-04,105
64,2023-05,90
64,2023-06,69
64,2023-07,88
64,2023-08,107
64,2023-09,125
64,2023-10,135
64,2023-11,152
64,2023-12,167
64,2024-01,180
64,2024-02,145
64,2024-03,124
64,2024-04,108
64,2024-05,89
64,2024-06,79
64,2024-07,84
64,2024-08,86
64,2024-09,126
64,2024-10,131
64,2024-11,130
64,2024-12,151
64,2025-01,120
64,2025-02,130
64,2025-03,103
64,2025-04,104
64,2025-05,99
64,2025-06,72
64,2025-07,102
64,2025-08,90
64,2025-09,121
64,2025-10,155
64,2025-11,178
64,2025-12,144
65,2023-01,112
65,2023-02,120
65,2023-03,160
65,2023-04,160
65,2023-05,241
65,2023-06,273
65,2023-07,258
65,2023-08,248
65,2023-09,227
65,2023-10,179
65,2023-11,169
65,2023-12,141
65,2024-01,155
65,2024-02,139
65,2024-03,219
65,2024-04,230
65,2024-05,351
65,2024-06,299
65,2024-07,269
65,2024-08,329
65,2024-09,295
65,2024-10,222
65,2024-11,193
65,2024-12,161
65,2025-01,165
65,2025-02,174
65,2025-03,208
65,2025-04,303
65,2025-05,268
65,2025-06,319
65,2025-07,312
65,2025-08,295
65,2025-09,263
65,2025-10,261
65,2025-11,178
65,2025-12,201
66,2023-01,120
66,2023-02,123
66,2023-03,94
66,2023-04,92
66,2023-05,70
66,2023-06,101
66,2023-07,135
66,2023-08,156
66,2023-09,176
66,2023-10,188
66,2023-11,170
66,2023-12,163
66,2024-01,167
66,2024-02,123
66,2024-03,105
66,2024-04,104
66,2024-05,107
66,2024-06,133
66,2024-07,166
66,2024-08,200
66,2024-09,211
66,2024-10,182
66,2024-11,163
66,2024-12,240
66,2025-01,166
66,2025-02,167
66,2025-03,112
66,2025-04,98
66,2025-05,122
66,2025-06,153
66,2025-07,204
66,2025-08,247
66,2025-09,270
66,2025-10,248
66,2025-11,222
66,2025-12,200
67,2023-01,167
67,2023-02,195
67,2023-03,168
67,2023-04,161
67,2023-05,124
67,2023-06,95
67,2023-07,90
67,2023-08,78
67,2023-09,76
67,2023-10,89
67,2023-11,115
67,2023-12,131
67,2024-01,169
67,2024-02,141
67,2024-03,130
67,2024-04,150
67,2024-05,121
67,2024-06,88
67,2024-07,92
67,2024-08,60
67,2024-09,79
67,2024-10,77
67,2024-11,105
67,2024-12,132
67,2025-01,133
67,2025-02,139
67,2025-03,140
67,2025-04,145
67,2025-05,106
67,2025-06,82
67,2025-07,66
67,2025-08,79
67,2025-09,77
67,2025-10,82
67,2025-11,103
67,2025-12,113
68,2023-01,37
68,2023-02,35
68,2023-03,35
68,2023-04,38
68,2023-05,50
68,2023-06,70
68,2023-07,67
68,2023-08,67
68,2023-09,68
68,2023-10,52
68,2023-11,51
68,2023-12,44
68,2024-01,33
68,2024-02,26
68,2024-03,31
68,2024-04,37
68,2024-05,49
68,2024-06,49
68,2024-07,70
68,2024-08,61
68,2024-09,74
68,2024-10,49
68,2024-11,49
68,2024-12,30
68,2025-01,24
68,2025-02,31
68,2025-03,33
68,2025-04,44
68,2025-05,45
68,2025-06,56
68,2025-07,58
68,2025-08,63
68,2025-09,58
68,2025-10,48
68,2025-11,41
68,2025-12,44
69,2023-01,39
69,2023-02,48
69,2023-03,31
69,2023-04,27
69,2023-05,29
69,2023-06,31
69,2023-07,34
69,2023-08,36
69,2023-09,52
69,2023-10,57
69,2023-11,58
69,2023-12,56
69,2024-01,44
69,2024-02,40
69,2024-03,25
69,2024-04,31
69,2024-05,23
69,2024-06,35
69,2024-07,33
69,2024-08,41
69,2024-09,50
69,2024-10,49
69,2024-11,60
69,2024-12,57
69,2025-01,53
69,2025-02,40
69,2025-03,34
69,2025-04,28
69,2025-05,27
69,2025-06,32
69,2025-07,31
69,2025-08,41
69,2025-09,43
69,2025-10,51
69,2025-11,54
69,2025-12,54
70,2023-01,142
70,2023-02,123
70,2023-03,126
70,2023-04,113
70,2023-05,84
70,2023-06,76
70,2023-07,78
70,2023-08,81
70,2023-09,125
70,2023-10,124
70,2023-11,136
70,2023-12,177
70,2024-01,178
70,2024-02,160
70,2024-03,167
70,2024-04,135
70,2024-05,93
70,2024-06,87
70,2024-07,94
70,2024-08,125
70,2024-09,103
70,2024-10,142
70,2024-11,170
70,2024-12,244
70,2025-01,194
70,2025-02,238
70,2025-03,201
70,2025-04,179
70,2025-05,121
70,2025-06,129
70,2025-07,119
70,2025-08,123
70,2025-09,130
70,2025-10,159
70,2025-11,178
70,2025-12,189
71,2023-01,51
71,2023-02,54
71,2023-03,60
71,2023-04,36
71,2023-05,42
71,2023-06,46
71,2023-07,71
71,2023-08,69
71,2023-09,73
71,2023-10,92
71,2023-11,89
71,2023-12,73
71,2024-01,69
71,2024-02,62
71,2024-03,51
71,2024-04,51
71,2024-05,40
71,2024-06,52
71,2024-07,81
71,2024-08,87
71,2024-09,96
71,2024-10,88
71,2024-11,106
71,2024-12,82
71,2025-01,77
71,2025-02,64
71,2025-03,52
71,2025-04,50
71,2025-05,50
71,2025-06,54
71,2025-07,82
71,2025-08,95
71,2025-09,102
71,2025-10,117
71,2025-11,112
71,2025-12,100
72,2023-01,145
72,2023-02,109
72,2023-03,101
72,2023-04,92
72,2023-05,82
72,2023-06,64
72,2023-07,72
72,2023-08,70
72,2023-09,104
72,2023-10,160
72,2023-11,149
72,2023-12,167
72,2024-01,116
72,2024-02,138
72,2024-03,126
72,2024-04,104
72,2024-05,66
72,2024-06,80
72,2024-07,92
72,2024-08,94
72,2024-09,150
72,2024-10,135
72,2024-11,154
72,2024-12,135
72,2025-01,154
72,2025-02,151
72,2025-03,124
72,2025-04,64
72,2025-05,88
72,2025-06,72
72,2025-07,81
72,2025-08,94
72,2025-09,102
72,2025-10,127
72,2025-11,169
72,2025-12,168
73,2023-01,100
73,2023-02,102
73,2023-03,130
73,2023-04,158
73,2023-05,159
73,2023-06,176
73,2023-07,232
73,2023-08,212
73,2023-09,176
73,2023-10,156
73,2023-11,141
73,2023-12,109
73,2024-01,97
73,2024-02,117
73,2024-03,128
73,2024-04,174
73,2024-05,169
73,2024-06,197
73,2024-07,255
73,2024-08,217
73,2024-09,183
73,2024-10,151
73,2024-11,150
73,2024-12,108
73,2025-01,87
73,2025-02,113
73,2025-03,114
73,2025-04,175
73,2025-05,178
73,2025-06,205
73,2025-07,185
73,2025-08,166
73,2025-09,148
73,2025-10,164
73,2025-11,124
73,2025-12,105
74,2023-01,270
74,2023-02,267
74,2023-03,210
74,2023-04,173
74,2023-05,203
74,2023-06,284
74,2023-07,204
74,2023-08,293
74,2023-09,328
74,2023-10,479
74,2023-11,400
74,2023-12,350
74,2024-01,293
74,2024-02,212
74,2024-03,198
74,2024-04,139
74,2024-05,198
74,2024-06,278
74,2024-07,279
74,2024-08,331
74,2024-09,446
74,2024-10,371
74,2024-11,301
74,2024-12,304
74,2025-01,274
74,2025-02,197
74,2025-03,186
74,2025-04,176
74,2025-05,169
74,2025-06,211
74,2025-07,276
74,2025-08,276
74,2025-09,293
74,2025-10,292
74,2025-11,332
74,2025-12,317
75,2023-01,211
75,2023-02,180
75,2023-03,202
75,2023-04,191
75,2023-05,133
75,2023-06,130
75,2023-07,124
75,2023-08,112
75,2023-09,132
75,2023-10,135
75,2023-11,179
75,2023-12,221
75,2024-01,207
75,2024-02,241
75,2024-03,227
75,2024-04,186
75,2024-05,176
75,2024-06,131
75,2024-07,139
75,2024-08,128
75,2024-09,118
75,2024-10,194
75,2024-11,189
75,2024-12,249
75,2025-01,260
75,2025-02,310
75,2025-03,243
75,2025-04,257
75,2025-05,221
75,2025-06,199
75,2025-07,151
75,2025-08,144
75,2025-09,135
75,2025-10,165
75,2025-11,217
75,2025-12,300
76,2023-01,64
76,2023-02,44
76,2023-03,60
76,2023-04,67
76,2023-05,72
76,2023-06,103
76,2023-07,109
76,2023-08,113
76,2023-09,116
76,2023-10,82
76,2023-11,65
76,2023-12,69
76,2024-01,42
76,2024-02,51
76,2024-03,47
76,2024-04,54
76,2024-05,76
76,2024-06,75
76,2024-07,99
76,2024-08,103
76,2024-09,87
76,2024-10,72
76,2024-11,71
76,2024-12,70
76,2025-01,52
76,2025-02,42
76,2025-03,36
76,2025-04,52
76,2025-05,70
76,2025-06,90
76,2025-07,82
76,2025-08,91
76,2025-09,98
76,2025-10,81
76,2025-11,51
76,2025-12,52
77,2023-01,88
77,2023-02,70
77,2023-03,67
77,2023-04,50
77,2023-05,49
77,2023-06,51
77,2023-07,54
77,2023-08,80
77,2023-09,104
77,2023-10,94
77,2023-11,87
77,2023-12,92
77,2024-01,97
77,2024-02,78
77,2024-03,62
77,2024-04,61
77,2024-05,52
77,2024-06,65
77,2024-07,54
77,2024-08,101
77,2024-09,105
77,2024-10,154
77,2024-11,114
77,2024-12,121
77,2025-01,92
77,2025-02,87
77,2025-03,70
77,2025-04,72
77,2025-05,59
77,2025-06,64
77,2025-07,79
77,2025-08,79
77,2025-09,91
77,2025-10,128
77,2025-11,137
77,2025-12,110
78,2023-01,234
78,2023-02,267
78,2023-03,243
78,2023-04,215
78,2023-05,140
78,2023-06,139
78,2023-07,115
78,2023-08,115
78,2023-09,137
78,2023-10,149
78,2023-11,214
78,2023-12,226
78,2024-01,247
78,2024-02,288
78,2024-03,222
78,2024-04,204
78,2024-05,188
78,2024-06,138
78,2024-07,118
78,2024-08,143
78,2024-09,127
78,2024-10,149
78,2024-11,236
78,2024-12,241
78,2025-01,233
78,2025-02,255
78,2025-03,243
78,2025-04,157
78,2025-05,123
78,2025-06,140
78,2025-07,128
78,2025-08,110
78,2025-09,129
78,2025-10,198
78,2025-11,199
78,2025-12,232
79,2023-01,25
79,2023-02,18
79,2023-03,15
79,2023-04,17
79,2023-05,16
79,2023-06,18
79,2023-07,14
79,2023-08,28
79,2023-09,27
79,2023-10,31
79,2023-11,35
79,2023-12,29
79,2024-01,25
79,2024-02,16
79,2024-03,16
79,2024-04,15
79,2024-05,15
79,2024-06,16
79,2024-07,21
79,2024-08,25
79,2024-09,28
79,2024-10,34
79,2024-11,29
79,2024-12,21
79,2025-01,24
79,2025-02,16
79,2025-03,11
79,2025-04,13
79,2025-05,12
79,2025-06,16
79,2025-07,14
79,2025-08,24
79,2025-09,29
79,2025-10,22
79,2025-11,22
79,2025-12,19
80,2023-01,187
80,2023-02,145
80,2023-03,146
80,2023-04,137
80,2023-05,109
80,2023-06,100
80,2023-07,107
80,2023-08,126
80,2023-09,178
80,2023-10,192
80,2023-11,181
80,2023-12,154
80,2024-01,193
80,2024-02,163
80,2024-03,147
80,2024-04,124
80,2024-05,109
80,2024-06,91
80,2024-07,132
80,2024-08,174
80,2024-09,199
80,2024-10,201
80,2024-11,189
80,2024-12,209
80,2025-01,187
80,2025-02,215
80,2025-03,194
80,2025-04,122
80,2025-05,127
80,2025-06,104
80,2025-07,105
80,2025-08,120
80,2025-09,132
80,2025-10,183
80,2025-11,165
80,2025-12,201
81,2023-01,92
81,2023-02,86
81,2023-03,123
81,2023-04,104
81,2023-05,173
81,2023-06,187
81,2023-07,214
81,2023-08,187
81,2023-09,151
81,2023-10,156
81,2023-11,129
81,2023-12,109
81,2024-01,98
81,2024-02,100
81,2024-03,124
81,2024-04,129
81,2024-05,140
81,2024-06,149
81,2024-07,140
81,2024-08,157
81,2024-09,153
81,2024-10,148
81,2024-11,100
81,2024-12,84
81,2025-01,83
81,2025-02,71
81,2025-03,94
81,2025-04,127
81,2025-05,123
81,2025-06,156
81,2025-07,131
81,2025-08,139
81,2025-09,111
81,2025-10,99
81,2025-11,77
81,2025-12,57
82,2023-01,275
82,2023-02,187
82,2023-03,156
82,2023-04,129
82,2023-05,154
82,2023-06,165
82,2023-07,177
82,2023-08,285
82,2023-09,228
82,2023-10,364
82,2023-11,269
82,2023-12,282
82,2024-01,205
82,2024-02,147
82,2024-03,132
82,2024-04,125
82,2024-05,146
82,2024-06,196
82,2024-07,223
82,2024-08,224
82,2024-09,261
82,2024-10,277
82,2024-11,299
82,2024-12,274
82,2025-01,251
82,2025-02,172
82,2025-03,166
82,2025-04,123
82,2025-05,168
82,2025-06,158
82,2025-07,193
82,2025-08,225
82,2025-09,247
82,2025-10,319
82,2025-11,233
82,2025-12,259
83,2023-01,241
83,2023-02,220
83,2023-03,255
83,2023-04,212
83,2023-05,192
83,2023-06,153
83,2023-07,133
83,2023-08,88
83,2023-09,123
83,2023-10,117
83,2023-11,214
83,2023-12,211
83,2024-01,298
83,2024-02,260
83,2024-03,296
83,2024-04,246
83,2024-05,181
83,2024-06,157
83,2024-07,139
83,2024-08,145
83,2024-09,133
83,2024-10,181
83,2024-11,176
83,2024-12,206
83,2025-01,278
83,2025-02,259
83,2025-03,231
83,2025-04,257
83,2025-05,191
83,2025-06,162
83,2025-07,176
83,2025-08,163
83,2025-09,172
83,2025-10,153
83,2025-11,247
83,2025-12,250
84,2023-01,83
84,2023-02,100
84,2023-03,85
84,2023-04,82
84,2023-05,122
84,2023-06,106
84,2023-07,159
84,2023-08,166
84,2023-09,143
84,2023-10,134
84,2023-11,123
84,2023-12,74
84,2024-01,72
84,2024-02,60
84,2024-03,72
84,2024-04,74
84,2024-05,93
84,2024-06,107
84,2024-07,118
84,2024-08,142
84,2024-09,168
84,2024-10,112
84,2024-11,85
84,2024-12,74
84,2025-01,59
84,2025-02,48
84,2025-03,57
84,2025-04,90
84,2025-05,98
84,2025-06,113
84,2025-07,122
84,2025-08,139
84,2025-09,104
84,2025-10,95
84,2025-11,88
84,2025-12,63
85,2023-01,114
85,2023-02,106
85,2023-03,112
85,2023-04,84
85,2023-05,75
85,2023-06,68
85,2023-07,81
85,2023-08,94
85,2023-09,123
85,2023-10,132
85,2023-11,143
85,2023-12,127
85,2024-01,141
85,2024-02,116
85,2024-03,83
85,2024-04,60
85,2024-05,61
85,2024-06,74
85,2024-07,70
85,2024-08,95
85,2024-09,116
85,2024-10,122
85,2024-11,107
85,2024-12,116
85,2025-01,116
85,2025-02,108
85,2025-03,75
85,2025-04,61
85,2025-05,67
85,2025-06,68
85,2025-07,78
85,2025-08,89
85,2025-09,123
85,2025-10,112
85,2025-11,95
85,2025-12,109
86,2023-01,204
86,2023-02,154
86,2023-03,164
86,2023-04,143
86,2023-05,142
86,2023-06,121
86,2023-07,81
86,2023-08,113
86,2023-09,127
86,2023-10,195
86,2023-11,186
86,2023-12,208
86,2024-01,224
86,2024-02,202
86,2024-03,176
86,2024-04,144
86,2024-05,135
86,2024-06,105
86,2024-07,122
86,2024-08,110
86,2024-09,126
86,2024-10,164
86,2024-11,228
86,2024-12,231
86,2025-01,256
86,2025-02,200
86,2025-03,230
86,2025-04,173
86,2025-05,156
86,2025-06,156
86,2025-07,126
86,2025-08,135
86,2025-09,174
86,2025-10,196
86,2025-11,207
86,2025-12,235
87,2023-01,69
87,2023-02,75
87,2023-03,47
87,2023-04,40
87,2023-05,61
87,2023-06,56
87,2023-07,54
87,2023-08,88
87,2023-09,68
87,2023-10,100
87,2023-11,79
87,2023-12,67
87,2024-01,61
87,2024-02,39
87,2024-03,42
87,2024-04,38
87,2024-05,42
87,2024-06,39
87,2024-07,80
87,2024-08,78
87,2024-09,90
87,2024-10,93
87,2024-11,91
87,2024-12,71
87,2025-01,58
87,2025-02,54
87,2025-03,44
87,2025-04,37
87,2025-05,37
87,2025-06,47
87,2025-07,47
87,2025-08,55
87,2025-09,69
87,2025-10,81
87,2025-11,79
87,2025-12,70
88,2023-01,328
88,2023-02,403
88,2023-03,412
88,2023-04,308
88,2023-05,227
88,2023-06,207
88,2023-07,317
88,2023-08,270
88,2023-09,422
88,2023-10,465
88,2023-11,347
88,2023-12,616
88,2024-01,487
88,2024-02,486
88,2024-03,411
88,2024-04,337
88,2024-05,282
88,2024-06,228
88,2024-07,297
88,2024-08,396
88,2024-09,454
88,2024-10,585
88,2024-11,592
88,2024-12,560
88,2025-01,641
88,2025-02,493
88,2025-03,579
88,2025-04,410
88,2025-05,368
88,2025-06,308
88,2025-07,373
88,2025-08,316
88,2025-09,528
88,2025-10,561
88,2025-11,588
88,2025-12,646
89,2023-01,106
89,2023-02,103
89,2023-03,122
89,2023-04,132
89,2023-05,194
89,2023-06,251
89,2023-07,211
89,2023-08,134
89,2023-09,221
89,2023-10,181
89,2023-11,128
89,2023-12,130
89,2024-01,124
89,2024-02,118
89,2024-03,129
89,2024-04,149
89,2024-05,197
89,2024-06,213
89,2024-07,234
89,2024-08,205
89,2024-09,226
89,2024-10,122
89,2024-11,167
89,2024-12,145
89,2025-01,125
89,2025-02,148
89,2025-03,134
89,2025-04,202
89,2025-05,235
89,2025-06,219
89,2025-07,239
89,2025-08,237
89,2025-09,163
89,2025-10,233
89,2025-11,190
89,2025-12,107
90,2023-01,125
90,2023-02,101
90,2023-03,79
90,2023-04,67
90,2023-05,75
90,2023-06,97
90,2023-07,134
90,2023-08,143
90,2023-09,154
90,2023-10,160
90,2023-11,149
90,2023-12,111
90,2024-01,111
90,2024-02,111
90,2024-03,84
90,2024-04,73
90,2024-05,81
90,2024-06,95
90,2024-07,129
90,2024-08,131
90,2024-09,177
90,2024-10,146
90,2024-11,158
90,2024-12,137
90,2025-01,95
90,2025-02,95
90,2025-03,78
90,2025-04,76
90,2025-05,80
90,2025-06,95
90,2025-07,91
90,2025-08,138
90,2025-09,141
90,2025-10,150
90,2025-11,143
90,2025-12,124
91,2023-01,123
91,2023-02,84
91,2023-03,95
91,2023-04,93
91,2023-05,87
91,2023-06,70
91,2023-07,58
91,2023-08,56
91,2023-09,51
91,2023-10,66
91,2023-11,80
91,2023-12,108
91,2024-01,101
91,2024-02,94
91,2024-03,101
91,2024-04,94
91,2024-05,91
91,2024-06,82
91,2024-07,52
91,2024-08,54
91,2024-09,67
91,2024-10,65
91,2024-11,52
91,2024-12,96
91,2025-01,121
91,2025-02,118
91,2025-03,125
91,2025-04,94
91,2025-05,88
91,2025-06,76
91,2025-07,60
91,2025-08,53
91,2025-09,44
91,2025-10,70
91,2025-11,87
91,2025-12,106
92,2023-01,121
92,2023-02,108
92,2023-03,141
92,2023-04,147
92,2023-05,187
92,2023-06,236
92,2023-07,216
92,2023-08,296
92,2023-09,287
92,2023-10,213
92,2023-11,218
92,2023-12,107
92,2024-01,152
92,2024-02,157
92,2024-03,165
92,2024-04,148
92,2024-05,217
92,2024-06,307
92,2024-07,272
92,2024-08,301
92,2024-09,317
92,2024-10,276
92,2024-11,210
92,2024-12,179
92,2025-01,163
92,2025-02,162
92,2025-03,206
92,2025-04,150
92,2025-05,257
92,2025-06,298
92,2025-07,409
92,2025-08,395
92,2025-09,336
92,2025-10,288
92,2025-11,273
92,2025-12,211
93,2023-01,78
93,2023-02,67
93,2023-03,48
93,2023-04,38
93,2023-05,50
93,2023-06,35
93,2023-07,55
93,2023-08,80
93,2023-09,89
93,2023-10,108
93,2023-11,91
93,2023-12,81
93,2024-01,99
93,2024-02,87
93,2024-03,56
93,2024-04,53
93,2024-05,44
93,2024-06,45
93,2024-07,62
93,2024-08,64
93,2024-09,96
93,2024-10,109
93,2024-11,126
93,2024-12,101
93,2025-01,84
93,2025-02,83
93,2025-03,60
93,2025-04,64
93,2025-05,59
93,2025-06,59
93,2025-07,65
93,2025-08,78
93,2025-09,91
93,2025-10,90
93,2025-11,132
93,2025-12,98
94,2023-01,337
94,2023-02,319
94,2023-03,274
94,2023-04,216
94,2023-05,199
94,2023-06,142
94,2023-07,133
94,2023-08,200
94,2023-09,230
94,2023-10,263
94,2023-11,258
94,2023-12,269
94,2024-01,368
94,2024-02,259
94,2024-03,305
94,2024-04,250
94,2024-05,217
94,2024-06,232
94,2024-07,175
94,2024-08,203
94,2024-09,235
94,2024-10,301
94,2024-11,363
94,2024-12,410
94,2025-01,320
94,2025-02,314
94,2025-03,339
94,2025-04,263
94,2025-05,243
94,2025-06,182
94,2025-07,161
94,2025-08,176
94,2025-09,229
94,2025-10,310
94,2025-11,373
94,2025-12,356
95,2023-01,55
95,2023-02,37
95,2023-03,34
95,2023-04,28
95,2023-05,27
95,2023-06,34
95,2023-07,43
95,2023-08,57
95,2023-09,50
95,2023-10,62
95,2023-11,56
95,2023-12,44
95,2024-01,30
95,2024-02,44
95,2024-03,30
95,2024-04,25
95,2024-05,32
95,2024-06,32
95,2024-07,47
95,2024-08,70
95,2024-09,57
95,2024-10,60
95,2024-11,65
95,2024-12,65
95,2025-01,51
95,2025-02,35
95,2025-03,38
95,2025-04,29
95,2025-05,35
95,2025-06,45
95,2025-07,54
95,2025-08,59
95,2025-09,39
95,2025-10,76
95,2025-11,51
95,2025-12,56
96,2023-01,241
96,2023-02,200
96,2023-03,176
96,2023-04,157
96,2023-05,112
96,2023-06,97
96,2023-07,129
96,2023-08,161
96,2023-09,219
96,2023-10,274
96,2023-11,262
96,2023-12,243
96,2024-01,275
96,2024-02,240
96,2024-03,226
96,2024-04,145
96,2024-05,112
96,2024-06,138
96,2024-07,153
96,2024-08,199
96,2024-09,239
96,2024-10,315
96,2024-11,278
96,2024-12,367
96,2025-01,320
96,2025-02,249
96,2025-03,217
96,2025-04,221
96,2025-05,192
96,2025-06,128
96,2025-07,118
96,2025-08,218
96,2025-09,276
96,2025-10,329
96,2025-11,361
96,2025-12,366
97,2023-01,56
97,2023-02,77
97,2023-03,91
97,2023-04,96
97,2023-05,140
97,2023-06,140
97,2023-07,167
97,2023-08,124
97,2023-09,126
97,2023-10,105
97,2023-11,114
97,2023-12,81
97,2024-01,68
97,2024-02,80
97,2024-03,94
97,2024-04,136
97,2024-05,176
97,2024-06,197
97,2024-07,118
97,2024-08,163
97,2024-09,139
97,2024-10,132
97,2024-11,116
97,2024-12,93
97,2025-01,80
97,2025-02,97
97,2025-03,131
97,2025-04,144
97,2025-05,167
97,2025-06,206
97,2025-07,227
97,2025-08,187
97,2025-09,203
97,2025-10,133
97,2025-11,123
97,2025-12,111
98,2023-01,90
98,2023-02,61
98,2023-03,44
98,2023-04,41
98,2023-05,57
98,2023-06,67
98,2023-07,83
98,2023-08,88
98,2023-09,136
98,2023-10,113
98,2023-11,93
98,2023-12,105
98,2024-01,86
98,2024-02,60
98,2024-03,66
98,2024-04,69
98,2024-05,62
98,2024-06,71
98,2024-07,84
98,2024-08,90
98,2024-09,128
98,2024-10,96
98,2024-11,109
98,2024-12,102
98,2025-01,90
98,2025-02,74
98,2025-03,76
98,2025-04,56
98,2025-05,74
98,2025-06,78
98,2025-07,105
98,2025-08,122
98,2025-09,147
98,2025-10,149
98,2025-11,143
98,2025-12,123
99,2023-01,204
99,2023-02,183
99,2023-03,192
99,2023-04,159
99,2023-05,153
99,2023-06,139
99,2023-07,117
99,2023-08,109
99,2023-09,107
99,2023-10,125
99,2023-11,148
99,2023-12,191
99,2024-01,251
99,2024-02,218
99,2024-03,175
99,2024-04,153
99,2024-05,166
99,2024-06,133
99,2024-07,98
99,2024-08,103
99,2024-09,106
99,2024-10,156
99,2024-11,159
99,2024-12,173
99,2025-01,197
99,2025-02,215
99,2025-03,246
99,2025-04,266
99,2025-05,150
99,2025-06,141
99,2025-07,150
99,2025-08,83
99,2025-09,137
99,2025-10,157
99,2025-11,189
99,2025-12,193
100,2023-01,139
100,2023-02,91
100,2023-03,150
100,2023-04,135
100,2023-05,190
100,2023-06,227
100,2023-07,255
100,2023-08,244
100,2023-09,231
100,2023-10,259
100,2023-11,189
100,2023-12,163
100,2024-01,132
100,2024-02,123
100,2024-03,119
100,2024-04,134
100,2024-05,207
100,2024-06,215
100,2024-07,223
100,2024-08,253
100,2024-09,230
100,2024-10,209
100,2024-11,186
100,2024-12,154
100,2025-01,118
100,2025-02,144
100,2025-03,153
100,2025-04,159
100,2025-05,222
100,2025-06,246
100,2025-07,269
100,2025-08,196
100,2025-09,238
100,2025-10,177
100,2025-11,191
100,2025-12,165
101,2023-01,129
101,2023-02,80
101,2023-03,62
101,2023-04,55
101,2023-05,67
101,2023-06,59
101,2023-07,77
101,2023-08,85
101,2023-09,120
101,2023-10,142
101,2023-11,139
101,2023-12,121
101,2024-01,108
101,2024-02,98
101,2024-03,86
101,2024-04,67
101,2024-05,73
101,2024-06,74
101,2024-07,100
101,2024-08,103
101,2024-09,114
101,2024-10,155
101,2024-11,127
101,2024-12,162
101,2025-01,131
101,2025-02,121
101,2025-03,83
101,2025-04,77
101,2025-05,71
101,2025-06,88
101,2025-07,97
101,2025-08,88
101,2025-09,138
101,2025-10,154
101,2025-11,177
101,2025-12,142
102,2023-01,124
102,2023-02,172
102,2023-03,134
102,2023-04,120
102,2023-05,86
102,2023-06,81
102,2023-07,71
102,2023-08,86
102,2023-09,85
102,2023-10,85
102,2023-11,144
102,2023-12,156
102,2024-01,159
102,2024-02,173
102,2024-03,154
102,2024-04,114
102,2024-05,98
102,2024-06,62
102,2024-07,80
102,2024-08,74
102,2024-09,84
102,2024-10,112
102,2024-11,149
102,2024-12,165
102,2025-01,162
102,2025-02,149
102,2025-03,109
102,2025-04,133
102,2025-05,100
102,2025-06,89
102,2025-07,86
102,2025-08,79
102,2025-09,93
102,2025-10,116
102,2025-11,151
102,2025-12,124
103,2023-01,72
103,2023-02,57
103,2023-03,76
103,2023-04,50
103,2023-05,55
103,2023-06,80
103,2023-07,93
103,2023-08,95
103,2023-09,113
103,2023-10,148
103,2023-11,117
103,2023-12,118
103,2024-01,118
103,2024-02,84
103,2024-03,84
103,2024-04,83
103,2024-05,67
103,2024-06,110
103,2024-07,98
103,2024-08,119
103,2024-09,144
103,2024-10,157
103,2024-11,142
103,2024-12,160
103,2025-01,125
103,2025-02,90
103,2025-03,88
103,2025-04,72
103,2025-05,92
103,2025-06,91
103,2025-07,144
103,2025-08,157
103,2025-09,187
103,2025-10,161
103,2025-11,175
103,2025-12,140
104,2023-01,63
104,2023-02,66
104,2023-03,46
104,2023-04,36
104,2023-05,46
104,2023-06,36
104,2023-07,33
104,2023-08,41
104,2023-09,55
104,2023-10,68
104,2023-11,73
104,2023-12,67
104,2024-01,63
104,2024-02,47
104,2024-03,61
104,2024-04,56
104,2024-05,41
104,2024-06,35
104,2024-07,35
104,2024-08,48
104,2024-09,58
104,2024-10,57
104,2024-11,87
104,2024-12,83
104,2025-01,67
104,2025-02,64
104,2025-03,52
104,2025-04,43
104,2025-05,38
104,2025-06,30
104,2025-07,35
104,2025-08,46
104,2025-09,54
104,2025-10,63
104,2025-11,74
104,2025-12,74
105,2023-01,42
105,2023-02,37
105,2023-03,43
105,2023-04,75
105,2023-05,71
105,2023-06,96
105,2023-07,102
105,2023-08,103
105,2023-09,87
105,2023-10,71
105,2023-11,52
105,2023-12,53
105,2024-01,45
105,2024-02,65
105,2024-03,51
105,2024-04,71
105,2024-05,94
105,2024-06,89
105,2024-07,129
105,2024-08,98
105,2024-09,75
105,2024-10,85
105,2024-11,66
105,2024-12,48
105,2025-01,49
105,2025-02,52
105,2025-03,68
105,2025-04,80
105,2025-05,93
105,2025-06,109
105,2025-07,92
105,2025-08,109
105,2025-09,80
105,2025-10,76
105,2025-11,60
105,2025-12,50
106,2023-01,85
106,2023-02,38
106,2023-03,42
106,2023-04,36
106,2023-05,45
106,2023-06,58
106,2023-07,69
106,2023-08,79
106,2023-09,66
106,2023-10,77
106,2023-11,84
106,2023-12,74
106,2024-01,69
106,2024-02,58
106,2024-03,50
106,2024-04,42
106,2024-05,50
106,2024-06,52
106,2024-07,73
106,2024-08,69
106,2024-09,96
106,2024-10,91
106,2024-11,102
106,2024-12,86
106,2025-01,78
106,2025-02,59
106,2025-03,51
106,2025-04,50
106,2025-05,61
106,2025-06,57
106,2025-07,75
106,2025-08,80
106,2025-09,113
106,2025-10,88
106,2025-11,99
106,2025-12,93
107,2023-01,115
107,2023-02,135
107,2023-03,132
107,2023-04,129
107,2023-05,84
107,2023-06,87
107,2023-07,68
107,2023-08,82
107,2023-09,88
107,2023-10,102
107,2023-11,94
107,2023-12,165
107,2024-01,142
107,2024-02,179
107,2024-03,125
107,2024-04,159
107,2024-05,102
107,2024-06,122
107,2024-07,88
107,2024-08,101
107,2024-09,109
107,2024-10,104
107,2024-11,117
107,2024-12,150
107,2025-01,156
107,2025-02,201
107,2025-03,138
107,2025-04,169
107,2025-05,143
107,2025-06,108
107,2025-07,88
107,2025-08,83
107,2025-09,92
107,2025-10,128
107,2025-11,152
107,2025-12,177
108,2023-01,124
108,2023-02,119
108,2023-03,136
108,2023-04,117
108,2023-05,189
108,2023-06,168
108,2023-07,229
108,2023-08,261
108,2023-09,227
108,2023-10,209
108,2023-11,164
108,2023-12,154
108,2024-01,138
108,2024-02,129
108,2024-03,162
108,2024-04,174
108,2024-05,224
108,2024-06,215
108,2024-07,265
108,2024-08,281
108,2024-09,342
108,2024-10,245
108,2024-11,187
108,2024-12,156
108,2025-01,143
108,2025-02,121
108,2025-03,155
108,2025-04,188
108,2025-05,259
108,2025-06,259
108,2025-07,315
108,2025-08,270
108,2025-09,348
108,2025-10,270
108,2025-11,236
108,2025-12,198
109,2023-01,385
109,2023-02,312
109,2023-03,245
109,2023-04,181
109,2023-05,137
109,2023-06,169
109,2023-07,232
109,2023-08,289
109,2023-09,339
109,2023-10,362
109,2023-11,317
109,2023-12,273
109,2024-01,358
109,2024-02,240
109,2024-03,207
109,2024-04,172
109,2024-05,182
109,2024-06,112
109,2024-07,184
109,2024-08,249
109,2024-09,271
109,2024-10,362
109,2024-11,302
109,2024-12,262
109,2025-01,243
109,2025-02,252
109,2025-03,181
109,2025-04,175
109,2025-05,190
109,2025-06,142
109,2025-07,145
109,2025-08,185
109,2025-09,218
109,2025-10,302
109,2025-11,226
109,2025-12,277
110,2023-01,126
110,2023-02,106
110,2023-03,106
110,2023-04,87
110,2023-05,59
110,2023-06,56
110,2023-07,41
110,2023-08,55
110,2023-09,79
110,2023-10,76
110,2023-11,79
110,2023-12,81
110,2024-01,84
110,2024-02,108
110,2024-03,69
110,2024-04,76
110,2024-05,48
110,2024-06,56
110,2024-07,48
110,2024-08,64
110,2024-09,60
110,2024-10,62
110,2024-11,70
110,2024-12,79
110,2025-01,102
110,2025-02,81
110,2025-03,87
110,2025-04,68
110,2025-05,43
110,2025-06,41
110,2025-07,37
110,2025-08,38
110,2025-09,39
110,2025-10,66
110,2025-11,65
110,2025-12,77
111,2023-01,46
111,2023-02,29
111,2023-03,30
111,2023-04,22
111,2023-05,24
111,2023-06,34
111,2023-07,50
111,2023-08,47
111,2023-09,53
111,2023-10,51
111,2023-11,61
111,2023-12,55
111,2024-01,43
111,2024-02,26
111,2024-03,24
111,2024-04,22
111,2024-05,23
111,2024-06,30
111,2024-07,34
111,2024-08,35
111,2024-09,52
111,2024-10,45
111,2024-11,42
111,2024-12,33
111,2025-01,36
111,2025-02,26
111,2025-03,20
111,2025-04,22
111,2025-05,19
111,2025-06,23
111,2025-07,29
111,2025-08,30
111,2025-09,33
111,2025-10,31
111,2025-11,37
111,2025-12,39
112,2023-01,80
112,2023-02,78
112,2023-03,69
112,2023-04,60
112,2023-05,62
112,2023-06,48
112,2023-07,52
112,2023-08,72
112,2023-09,75
112,2023-10,94
112,2023-11,79
112,2023-12,103
112,2024-01,94
112,2024-02,95
112,2024-03,78
112,2024-04,68
112,2024-05,62
112,2024-06,42
112,2024-07,57
112,2024-08,63
112,2024-09,61
112,2024-10,126
112,2024-11,113
112,2024-12,127
112,2025-01,107
112,2025-02,123
112,2025-03,92
112,2025-04,75
112,2025-05,58
112,2025-06,52
112,2025-07,59
112,2025-08,78
112,2025-09,100
112,2025-10,134
112,2025-11,120
112,2025-12,113
113,2023-01,52
113,2023-02,47
113,2023-03,61
113,2023-04,68
113,2023-05,81
113,2023-06,97
113,2023-07,119
113,2023-08,92
113,2023-09,95
113,2023-10,67
113,2023-11,80
113,2023-12,61
113,2024-01,51
113,2024-02,56
113,2024-03,68
113,2024-04,102
113,2024-05,120
113,2024-06,110
113,2024-07,129
113,2024-08,139
113,2024-09,108
113,2024-10,105
113,2024-11,97
113,2024-12,72
113,2025-01,79
113,2025-02,75
113,2025-03,73
113,2025-04,95
113,2025-05,132
113,2025-06,119
113,2025-07,151
113,2025-08,112
113,2025-09,140
113,2025-10,120
113,2025-11,98
113,2025-12,75
114,2023-01,109
114,2023-02,81
114,2023-03,73
114,2023-04,59
114,2023-05,70
114,2023-06,69
114,2023-07,97
114,2023-08,127
114,2023-09,127
114,2023-10,124
114,2023-11,139
114,2023-12,140
114,2024-01,105
114,2024-02,93
114,2024-03,72
114,2024-04,71
114,2024-05,75
114,2024-06,74
114,2024-07,126
114,2024-08,118
114,2024-09,123
114,2024-10,124
114,2024-11,159
114,2024-12,130
114,2025-01,125
114,2025-02,90
114,2025-03,82
114,2025-04,78
114,2025-05,60
114,2025-06,98
114,2025-07,127
114,2025-08,140
114,2025-09,153
114,2025-10,135
114,2025-11,154
114,2025-12,126
115,2023-01,65
115,2023-02,92
115,2023-03,95
115,2023-04,104
115,2023-05,72
115,2023-06,56
115,2023-07,57
115,2023-08,52
115,2023-09,48
115,2023-10,67
115,2023-11,73
115,2023-12,84
115,2024-01,77
115,2024-02,94
115,2024-03,78
115,2024-04,80
115,2024-05,91
115,2024-06,56
115,2024-07,44
115,2024-08,53
115,2024-09,45
115,2024-10,74
115,2024-11,72
115,2024-12,86
115,2025-01,99
115,2025-02,71
115,2025-03,129
115,2025-04,112
115,2025-05,82
115,2025-06,64
115,2025-07,59
115,2025-08,64
115,2025-09,48
115,2025-10,72
115,2025-11,71
115,2025-12,102
116,2023-01,88
116,2023-02,92
116,2023-03,80
116,2023-04,113
116,2023-05,161
116,2023-06,152
116,2023-07,167
116,2023-08,228
116,2023-09,238
116,2023-10,192
116,2023-11,157
116,2023-12,142
116,2024-01,122
116,2024-02,105
116,2024-03,143
116,2024-04,144
116,2024-05,177
116,2024-06,219
116,2024-07,186
116,2024-08,255
116,2024-09,271
116,2024-10,225
116,2024-11,210
116,2024-12,196
116,2025-01,133
116,2025-02,138
116,2025-03,121
116,2025-04,164
116,2025-05,232
116,2025-06,242
116,2025-07,323
116,2025-08,275
116,2025-09,301
116,2025-10,302
116,2025-11,218
116,2025-12,177
117,2023-01,74
117,2023-02,66
117,2023-03,57
117,2023-04,41
117,2023-05,57
117,2023-06,61
117,2023-07,77
117,2023-08,79
117,2023-09,98
117,2023-10,124
117,2023-11,108
117,2023-12,132
117,2024-01,122
117,2024-02,98
117,2024-03,68
117,2024-04,64
117,2024-05,58
117,2024-06,64
117,2024-07,75
117,2024-08,96
117,2024-09,106
117,2024-10,124
117,2024-11,116
117,2024-12,123
117,2025-01,109
117,2025-02,96
117,2025-03,79
117,2025-04,72
117,2025-05,71
117,2025-06,83
117,2025-07,82
117,2025-08,103
117,2025-09,118
117,2025-10,158
117,2025-11,147
117,2025-12,160
118,2023-01,335
118,2023-02,282
118,2023-03,271
118,2023-04,184
118,2023-05,182
118,2023-06,185
118,2023-07,148
118,2023-08,157
118,2023-09,184
118,2023-10,257
118,2023-11,281
118,2023-12,294
118,2024-01,300
118,2024-02,304
118,2024-03,287
118,2024-04,283
118,2024-05,216
118,2024-06,174
118,2024-07,171
118,2024-08,196
118,2024-09,234
118,2024-10,247
118,2024-11,343
118,2024-12,350
118,2025-01,390
118,2025-02,366
118,2025-03,307
118,2025-04,304
118,2025-05,233
118,2025-06,242
118,2025-07,215
118,2025-08,226
118,2025-09,282
118,2025-10,339
118,2025-11,378
118,2025-12,429
119,2023-01,35
119,2023-02,41
119,2023-03,29
119,2023-04,31
119,2023-05,25
119,2023-06,39
119,2023-07,50
119,2023-08,61
119,2023-09,50
119,2023-10,62
119,2023-11,66
119,2023-12,58
119,2024-01,56
119,2024-02,40
119,2024-03,37
119,2024-04,29
119,2024-05,37
119,2024-06,42
119,2024-07,47
119,2024-08,50
119,2024-09,64
119,2024-10,71
119,2024-11,69
119,2024-12,45
119,2025-01,41
119,2025-02,34
119,2025-03,30
119,2025-04,36
119,2025-05,26
119,2025-06,40
119,2025-07,46
119,2025-08,48
119,2025-09,53
119,2025-10,71
119,2025-11,62
119,2025-12,47
120,2023-01,198
120,2023-02,158
120,2023-03,142
120,2023-04,111
120,2023-05,92
120,2023-06,109
120,2023-07,101
120,2023-08,106
120,2023-09,150
120,2023-10,181
120,2023-11,156
120,2023-12,244
120,2024-01,192
120,2024-02,204
120,2024-03,130
120,2024-04,134
120,2024-05,106
120,2024-06,113
120,2024-07,112
120,2024-08,130
120,2024-09,153
120,2024-10,138
120,2024-11,234
120,2024-12,198
120,2025-01,165
120,2025-02,178
120,2025-03,160
120,2025-04,133
120,2025-05,111
120,2025-06,101
120,2025-07,119
120,2025-08,130
120,2025-09,146
120,2025-10,212
120,2025-11,207
120,2025-12,214
121,2023-01,113
121,2023-02,104
121,2023-03,140
121,2023-04,171
121,2023-05,217
121,2023-06,277
121,2023-07,232
121,2023-08,258
121,2023-09,254
121,2023-10,117
121,2023-11,124
121,2023-12,151
121,2024-01,106
121,2024-02,130
121,2024-03,142
121,2024-04,189
121,2024-05,201
121,2024-06,195
121,2024-07,243
121,2024-08,213
121,2024-09,171
121,2024-10,146
121,2024-11,114
121,2024-12,126
121,2025-01,107
121,2025-02,96
121,2025-03,124
121,2025-04,164
121,2025-05,155
121,2025-06,186
121,2025-07,207
121,2025-08,173
121,2025-09,176
121,2025-10,157
121,2025-11,118
121,2025-12,101
122,2023-01,149
122,2023-02,127
122,2023-03,108
122,2023-04,99
122,2023-05,116
122,2023-06,109
122,2023-07,165
122,2023-08,190
122,2023-09,195
122,2023-10,212
122,2023-11,205
122,2023-12,157
122,2024-01,134
122,2024-02,143
122,2024-03,107
122,2024-04,107
122,2024-05,96
122,2024-06,111
122,2024-07,146
122,2024-08,213
122,2024-09,231
122,2024-10,287
122,2024-11,205
122,2024-12,226
122,2025-01,216
122,2025-02,162
122,2025-03,116
122,2025-04,95
122,2025-05,111
122,2025-06,121
122,2025-07,146
122,2025-08,224
122,2025-09,171
122,2025-10,264
122,2025-11,221
122,2025-12,219
123,2023-01,200
123,2023-02,306
123,2023-03,318
123,2023-04,235
123,2023-05,226
123,2023-06,201
123,2023-07,145
123,2023-08,144
123,2023-09,142
123,2023-10,173
123,2023-11,206
123,2023-12,240
123,2024-01,264
123,2024-02,234
123,2024-03,248
123,2024-04,263
123,2024-05,209
123,2024-06,145
123,2024-07,107
123,2024-08,112
123,2024-09,116
123,2024-10,139
123,2024-11,154
123,2024-12,183
123,2025-01,204
123,2025-02,245
123,2025-03,188
123,2025-04,167
123,2025-05,154
123,2025-06,131
123,2025-07,102
123,2025-08,97
123,2025-09,89
123,2025-10,120
123,2025-11,143
123,2025-12,180
124,2023-01,98
124,2023-02,77
124,2023-03,99
124,2023-04,139
124,2023-05,158
124,2023-06,151
124,2023-07,210
124,2023-08,199
124,2023-09,202
124,2023-10,190
124,2023-11,178
124,2023-12,152
124,2024-01,118
124,2024-02,109
124,2024-03,103
124,2024-04,122
124,2024-05,166
124,2024-06,164
124,2024-07,228
124,2024-08,243
124,2024-09,182
124,2024-10,150
124,2024-11,143
124,2024-12,85
124,2025-01,82
124,2025-02,103
124,2025-03,107
124,2025-04,162
124,2025-05,163
124,2025-06,152
124,2025-07,216
124,2025-08,202
124,2025-09,219
124,2025-10,181
124,2025-11,178
124,2025-12,110
125,2023-01,43
125,2023-02,31
125,2023-03,29
125,2023-04,24
125,2023-05,20
125,2023-06,28
125,2023-07,35
125,2023-08,44
125,2023-09,41
125,2023-10,57
125,2023-11,51
125,2023-12,48
125,2024-01,53
125,2024-02,46
125,2024-03,37
125,2024-04,31
125,2024-05,28
125,2024-06,32
125,2024-07,42
125,2024-08,42
125,2024-09,49
125,2024-10,60
125,2024-11,72
125,2024-12,54
125,2025-01,43
125,2025-02,42
125,2025-03,41
125,2025-04,27
125,2025-05,23
125,2025-06,32
125,2025-07,43
125,2025-08,47
125,2025-09,49
125,2025-10,53
125,2025-11,65
125,2025-12,63
126,2023-01,180
126,2023-02,171
126,2023-03,163
126,2023-04,122
126,2023-05,118
126,2023-06,81
126,2023-07,82
126,2023-08,97
126,2023-09,105
126,2023-10,139
126,2023-11,170
126,2023-12,144
126,2024-01,204
126,2024-02,163
126,2024-03,146
126,2024-04,108
126,2024-05,81
126,2024-06,102
126,2024-07,64
126,2024-08,80
126,2024-09,107
126,2024-10,94
126,2024-11,138
126,2024-12,111
126,2025-01,149
126,2025-02,142
126,2025-03,128
126,2025-04,106
126,2025-05,103
126,2025-06,65
126,2025-07,85
126,2025-08,86
126,2025-09,71
126,2025-10,101
126,2025-11,124
126,2025-12,128
127,2023-01,42
127,2023-02,41
127,2023-03,29
127,2023-04,31
127,2023-05,33
127,2023-06,40
127,2023-07,26
127,2023-08,56
127,2023-09,53
127,2023-10,67
127,2023-11,64
127,2023-12,64
127,2024-01,45
127,2024-02,51
127,2024-03,38
127,2024-04,31
127,2024-05,47
127,2024-06,52
127,2024-07,46
127,2024-08,52
127,2024-09,65
127,2024-10,82
127,2024-11,75
127,2024-12,63
127,2025-01,51
127,2025-02,40
127,2025-03,39
127,2025-04,45
127,2025-05,49
127,2025-06,49
127,2025-07,63
127,2025-08,70
127,2025-09,78
127,2025-10,69
127,2025-11,90
127,2025-12,86
128,2023-01,97
128,2023-02,91
128,2023-03,72
128,2023-04,70
128,2023-05,65
128,2023-06,55
128,2023-07,59
128,2023-08,67
128,2023-09,98
128,2023-10,109
128,2023-11,113
128,2023-12,152
128,2024-01,80
128,2024-02,100
128,2024-03,89
128,2024-04,74
128,2024-05,71
128,2024-06,51
128,2024-07,79
128,2024-08,91
128,2024-09,106
128,2024-10,138
128,2024-11,116
128,2024-12,154
128,2025-01,144
128,2025-02,161
128,2025-03,107
128,2025-04,87
128,2025-05,75
128,2025-06,79
128,2025-07,74
128,2025-08,99
128,2025-09,135
128,2025-10,163
128,2025-11,171
128,2025-12,148
129,2023-01,69
129,2023-02,83
129,2023-03,83
129,2023-04,102
129,2023-05,145
129,2023-06,128
129,2023-07,159
129,2023-08,141
129,2023-09,112
129,2023-10,91
129,2023-11,84
129,2023-12,65
129,2024-01,68
129,2024-02,66
129,2024-03,89
129,2024-04,74
129,2024-05,121
129,2024-06,115
129,2024-07,134
129,2024-08,108
129,2024-09,116
129,2024-10,87
129,2024-11,65
129,2024-12,66
129,2025-01,69
129,2025-02,69
129,2025-03,61
129,2025-04,99
129,2025-05,107
129,2025-06,105
129,2025-07,135
129,2025-08,132
129,2025-09,96
129,2025-10,96
129,2025-11,57
129,2025-12,56
130,2023-01,70
130,2023-02,55
130,2023-03,42
130,2023-04,44
130,2023-05,54
130,2023-06,64
130,2023-07,68
130,2023-08,89
130,2023-09,90
130,2023-10,87
130,2023-11,121
130,2023-12,87
130,2024-01,65
130,2024-02,67
130,2024-03,51
130,2024-04,39
130,2024-05,50
130,2024-06,63
130,2024-07,75
130,2024-08,72
130,2024-09,97
130,2024-10,114
130,2024-11,80
130,2024-12,77
130,2025-01,82
130,2025-02,52
130,2025-03,64
130,2025-04,47
130,2025-05,57
130,2025-06,63
130,2025-07,82
130,2025-08,80
130,2025-09,112
130,2025-10,108
130,2025-11,112
130,2025-12,118
131,2023-01,126
131,2023-02,116
131,2023-03,99
131,2023-04,114
131,2023-05,88
131,2023-06,101
131,2023-07,82
131,2023-08,69
131,2023-09,75
131,2023-10,96
131,2023-11,88
131,2023-12,147
131,2024-01,140
131,2024-02,130
131,2024-03,130
131,2024-04,117
131,2024-05,120
131,2024-06,78
131,2024-07,76
131,2024-08,76
131,2024-09,75
131,2024-10,92
131,2024-11,134
131,2024-12,105
131,2025-01,173
131,2025-02,162
131,2025-03,140
131,2025-04,144
131,2025-05,124
131,2025-06,116
131,2025-07,107
131,2025-08,73
131,2025-09,79
131,2025-10,90
131,2025-11,144
131,2025-12,165
132,2023-01,90
132,2023-02,123
132,2023-03,118
132,2023-04,133
132,2023-05,175
132,2023-06,157
132,2023-07,190
132,2023-08,229
132,2023-09,207
132,2023-10,208
132,2023-11,131
132,2023-12,149
132,2024-01,115
132,2024-02,134
132,2024-03,129
132,2024-04,118
132,2024-05,150
132,2024-06,174
132,2024-07,226
132,2024-08,255
132,2024-09,208
132,2024-10,238
132,2024-11,164
132,2024-12,126
132,2025-01,131
132,2025-02,118
132,2025-03,93
132,2025-04,144
132,2025-05,162
132,2025-06,159
132,2025-07,221
132,2025-08,154
132,2025-09,258
132,2025-10,239
132,2025-11,181
132,2025-12,139
133,2023-01,174
133,2023-02,123
133,2023-03,95
133,2023-04,91
133,2023-05,60
133,2023-06,67
133,2023-07,113
133,2023-08,110
133,2023-09,137
133,2023-10,136
133,2023-11,196
133,2023-12,124
133,2024-01,118
133,2024-02,132
133,2024-03,96
133,2024-04,69
133,2024-05,88
133,2024-06,90
133,2024-07,83
133,2024-08,87
133,2024-09,122
133,2024-10,161
133,2024-11,162
133,2024-12,125
133,2025-01,120
133,2025-02,92
133,2025-03,88
133,2025-04,68
133,2025-05,61
133,2025-06,74
133,2025-07,74
133,2025-08,107
133,2025-09,107
133,2025-10,136
133,2025-11,136
133,2025-12,136
134,2023-01,267
134,2023-02,264
134,2023-03,234
134,2023-04,153
134,2023-05,155
134,2023-06,122
134,2023-07,122
134,2023-08,103
134,2023-09,174
134,2023-10,185
134,2023-11,245
134,2023-12,266
134,2024-01,203
134,2024-02,226
134,2024-03,222
134,2024-04,178
134,2024-05,125
134,2024-06,129
134,2024-07,119
134,2024-08,120
134,2024-09,141
134,2024-10,158
134,2024-11,215
134,2024-12,180
134,2025-01,201
134,2025-02,211
134,2025-03,202
134,2025-04,165
134,2025-05,128
134,2025-06,113
134,2025-07,96
134,2025-08,124
134,2025-09,138
134,2025-10,133
134,2025-11,164
134,2025-12,227
135,2023-01,72
135,2023-02,70
135,2023-03,51
135,2023-04,45
135,2023-05,48
135,2023-06,59
135,2023-07,52
135,2023-08,78
135,2023-09,76
135,2023-10,88
135,2023-11,87
135,2023-12,76
135,2024-01,65
135,2024-02,45
135,2024-03,61
135,2024-04,46
135,2024-05,49
135,2024-06,54
135,2024-07,63
135,2024-08,73
135,2024-09,93
135,2024-10,76
135,2024-11,107
135,2024-12,80
135,2025-01,63
135,2025-02,58
135,2025-03,50
135,2025-04,40
135,2025-05,60
135,2025-06,52
135,2025-07,66
135,2025-08,70
135,2025-09,82
135,2025-10,98
135,2025-11,88
135,2025-12,88
136,2023-01,191
136,2023-02,172
136,2023-03,155
136,2023-04,108
136,2023-05,98
136,2023-06,95
136,2023-07,100
136,2023-08,99
136,2023-09,154
136,2023-10,194
136,2023-11,219
136,2023-12,210
136,2024-01,190
136,2024-02,169
136,2024-03,173
136,2024-04,103
136,2024-05,88
136,2024-06,98
136,2024-07,130
136,2024-08,159
136,2024-09,184
136,2024-10,184
136,2024-11,260
136,2024-12,231
136,2025-01,204
136,2025-02,214
136,2025-03,181
136,2025-04,138
136,2025-05,145
136,2025-06,120
136,2025-07,122
136,2025-08,155
136,2025-09,185
136,2025-10,250
136,2025-11,250
136,2025-12,233
137,2023-01,92
137,2023-02,164
137,2023-03,138
137,2023-04,254
137,2023-05,222
137,2023-06,287
137,2023-07,333
137,2023-08,361
137,2023-09,245
137,2023-10,267
137,2023-11,184
137,2023-12,173
137,2024-01,176
137,2024-02,186
137,2024-03,182
137,2024-04,270
137,2024-05,282
137,2024-06,332
137,2024-07,319
137,2024-08,297
137,2024-09,313
137,2024-10,296
137,2024-11,258
137,2024-12,154
137,2025-01,147
137,2025-02,165
137,2025-03,258
137,2025-04,265
137,2025-05,314
137,2025-06,362
137,2025-07,431
137,2025-08,323
137,2025-09,338
137,2025-10,299
137,2025-11,219
137,2025-12,156
138,2023-01,136
138,2023-02,124
138,2023-03,100
138,2023-04,85
138,2023-05,84
138,2023-06,98
138,2023-07,112
138,2023-08,183
138,2023-09,187
138,2023-10,159
138,2023-11,182
138,2023-12,169
138,2024-01,137
138,2024-02,97
138,2024-03,84
138,2024-04,84
138,2024-05,80
138,2024-06,94
138,2024-07,125
138,2024-08,144
138,2024-09,195
138,2024-10,146
138,2024-11,168
138,2024-12,173
138,2025-01,142
138,2025-02,105
138,2025-03,87
138,2025-04,90
138,2025-05,73
138,2025-06,110
138,2025-07,106
138,2025-08,142
138,2025-09,138
138,2025-10,198
138,2025-11,155
138,2025-12,144
139,2023-01,391
139,2023-02,416
139,2023-03,403
139,2023-04,429
139,2023-05,374
139,2023-06,249
139,2023-07,218
139,2023-08,244
139,2023-09,199
139,2023-10,269
139,2023-11,352
139,2023-12,408
139,2024-01,366
139,2024-02,461
139,2024-03,349
139,2024-04,418
139,2024-05,289
139,2024-06,229
139,2024-07,193
139,2024-08,175
139,2024-09,209
139,2024-10,233
139,2024-11,194
139,2024-12,300
139,2025-01,306
139,2025-02,341
139,2025-03,378
139,2025-04,294
139,2025-05,214
139,2025-06,176
139,2025-07,220
139,2025-08,163
139,2025-09,94
139,2025-10,194
139,2025-11,247
139,2025-12,233
140,2023-01,109
140,2023-02,111
140,2023-03,108
140,2023-04,111
140,2023-05,154
140,2023-06,206
140,2023-07,189
140,2023-08,211
140,2023-09,235
140,2023-10,197
140,2023-11,192
140,2023-12,173
140,2024-01,123
140,2024-02,112
140,2024-03,122
140,2024-04,134
140,2024-05,169
140,2024-06,177
140,2024-07,176
140,2024-08,253
140,2024-09,323
140,2024-10,197
140,2024-11,222
140,2024-12,107
140,2025-01,126
140,2025-02,121
140,2025-03,137
140,2025-04,150
140,2025-05,223
140,2025-06,229
140,2025-07,300
140,2025-08,283
140,2025-09,281
140,2025-10,205
140,2025-11,196
140,2025-12,154
141,2023-01,50
141,2023-02,38
141,2023-03,28
141,2023-04,25
141,2023-05,22
141,2023-06,32
141,2023-07,27
141,2023-08,44
141,2023-09,52
141,2023-10,51
141,2023-11,56
141,2023-12,56
141,2024-01,51
141,2024-02,48
141,2024-03,32
141,2024-04,28
141,2024-05,29
141,2024-06,30
141,2024-07,34
141,2024-08,42
141,2024-09,50
141,2024-10,57
141,2024-11,52
141,2024-12,58
141,2025-01,54
141,2025-02,45
141,2025-03,26
141,2025-04,27
141,2025-05,27
141,2025-06,26
141,2025-07,33
141,2025-08,29
141,2025-09,56
141,2025-10,47
141,2025-11,53
141,2025-12,47
142,2023-01,166
142,2023-02,195
142,2023-03,158
142,2023-04,91
142,2023-05,93
142,2023-06,75
142,2023-07,99
142,2023-08,83
142,2023-09,124
142,2023-10,139
142,2023-11,182
142,2023-12,187
142,2024-01,163
142,2024-02,186
142,2024-03,127
142,2024-04,99
142,2024-05,112
142,2024-06,83
142,2024-07,84
142,2024-08,91
142,2024-09,104
142,2024-10,135
142,2024-11,156
142,2024-12,161
142,2025-01,162
142,2025-02,172
142,2025-03,139
142,2025-04,136
142,2025-05,83
142,2025-06,101
142,2025-07,84
142,2025-08,80
142,2025-09,104
142,2025-10,144
142,2025-11,175
142,2025-12,200
143,2023-01,45
143,2023-02,37
143,2023-03,31
143,2023-04,30
143,2023-05,35
143,2023-06,37
143,2023-07,46
143,2023-08,63
143,2023-09,57
143,2023-10,68
143,2023-11,64
143,2023-12,43
143,2024-01,54
143,2024-02,38
143,2024-03,28
143,2024-04,30
143,2024-05,34
143,2024-06,44
143,2024-07,42
143,2024-08,60
143,2024-09,62
143,2024-10,57
143,2024-11,77
143,2024-12,70
143,2025-01,53
143,2025-02,37
143,2025-03,30
143,2025-04,32
143,2025-05,36
143,2025-06,45
143,2025-07,54
143,2025-08,60
143,2025-09,71
143,2025-10,92
143,2025-11,71
143,2025-12,50
144,2023-01,120
144,2023-02,134
144,2023-03,96
144,2023-04,113
144,2023-05,84
144,2023-06,76
144,2023-07,81
144,2023-08,105
144,2023-09,95
144,2023-10,155
144,2023-11,125
144,2023-12,173
144,2024-01,98
144,2024-02,169
144,2024-03,133
144,2024-04,98
144,2024-05,81
144,2024-06,81
144,2024-07,72
144,2024-08,104
144,2024-09,131
144,2024-10,135
144,2024-11,165
144,2024-12,139
144,2025-01,149
144,2025-02,140
144,2025-03,111
144,2025-04,88
144,2025-05,95
144,2025-06,57
144,2025-07,67
144,2025-08,108
144,2025-09,114
144,2025-10,142
144,2025-11,168
144,2025-12,166
145,2023-01,96
145,2023-02,106
145,2023-03,108
145,2023-04,142
145,2023-05,148
145,2023-06,193
145,2023-07,189
145,2023-08,184
145,2023-09,180
145,2023-10,164
145,2023-11,117
145,2023-12,135
145,2024-01,113
145,2024-02,119
145,2024-03,128
145,2024-04,155
145,2024-05,171
145,2024-06,177
145,2024-07,235
145,2024-08,229
145,2024-09,198
145,2024-10,201
145,2024-11,123
145,2024-12,84
145,2025-01,127
145,2025-02,143
145,2025-03,163
145,2025-04,150
145,2025-05,232
145,2025-06,292
145,2025-07,232
145,2025-08,277
145,2025-09,217
145,2025-10,225
145,2025-11,164
145,2025-12,127
146,2023-01,196
146,2023-02,161
146,2023-03,123
146,2023-04,128
146,2023-05,163
146,2023-06,146
146,2023-07,222
146,2023-08,231
146,2023-09,271
146,2023-10,252
146,2023-11,243
146,2023-12,238
146,2024-01,176
146,2024-02,147
146,2024-03,157
146,2024-04,107
146,2024-05,146
146,2024-06,164
146,2024-07,193
146,2024-08,307
146,2024-09,270
146,2024-10,277
146,2024-11,236
146,2024-12,203
146,2025-01,252
146,2025-02,163
146,2025-03,155
146,2025-04,138
146,2025-05,133
146,2025-06,187
146,2025-07,153
146,2025-08,214
146,2025-09,218
146,2025-10,279
146,2025-11,212
146,2025-12,190
147,2023-01,227
147,2023-02,236
147,2023-03,267
147,2023-04,177
147,2023-05,187
147,2023-06,166
147,2023-07,136
147,2023-08,109
147,2023-09,132
147,2023-10,146
147,2023-11,212
147,2023-12,268
147,2024-01,270
147,2024-02,370
147,2024-03,251
147,2024-04,197
147,2024-05,255
147,2024-06,160
147,2024-07,205
147,2024-08,141
147,2024-09,184
147,2024-10,222
147,2024-11,165
147,2024-12,272
147,2025-01,280
147,2025-02,282
147,2025-03,281
147,2025-04,300
147,2025-05,245
147,2025-06,230
147,2025-07,207
147,2025-08,189
147,2025-09,192
147,2025-10,214
147,2025-11,256
147,2025-12,260
148,2023-01,50
148,2023-02,62
148,2023-03,95
148,2023-04,76
148,2023-05,84
148,2023-06,113
148,2023-07,143
148,2023-08,126
148,2023-09,108
148,2023-10,135
148,2023-11,122
148,2023-12,95
148,2024-01,78
148,2024-02,68
148,2024-03,89
148,2024-04,97
148,2024-05,102
148,2024-06,144
148,2024-07,141
148,2024-08,161
148,2024-09,140
148,2024-10,95
148,2024-11,95
148,2024-12,89
148,2025-01,68
148,2025-02,86
148,2025-03,73
148,2025-04,92
148,2025-05,149
148,2025-06,128
148,2025-07,158
148,2025-08,152
148,2025-09,182
148,2025-10,148
148,2025-11,81
148,2025-12,104
149,2023-01,40
149,2023-02,40
149,2023-03,30
149,2023-04,30
149,2023-05,25
149,2023-06,28
149,2023-07,33
149,2023-08,50
149,2023-09,51
149,2023-10,54
149,2023-11,52
149,2023-12,55
149,2024-01,49
149,2024-02,54
149,2024-03,43
149,2024-04,25
149,2024-05,25
149,2024-06,28
149,2024-07,38
149,2024-08,47
149,2024-09,63
149,2024-10,60
149,2024-11,58
149,2024-12,47
149,2025-01,58
149,2025-02,49
149,2025-03,44
149,2025-04,32
149,2025-05,31
149,2025-06,35
149,2025-07,34
149,2025-08,43
149,2025-09,58
149,2025-10,65
149,2025-11,47
149,2025-12,63
150,2023-01,44
150,2023-02,46
150,2023-03,37
150,2023-04,31
150,2023-05,27
150,2023-06,24
150,2023-07,18
150,2023-08,26
150,2023-09,26
150,2023-10,39
150,2023-11,44
150,2023-12,49
150,2024-01,38
150,2024-02,49
150,2024-03,30
150,2024-04,29
150,2024-05,21
150,2024-06,23
150,2024-07,19
150,2024-08,20
150,2024-09,34
150,2024-10,25
150,2024-11,48
150,2024-12,41
150,2025-01,43
150,2025-02,45
150,2025-03,39
150,2025-04,39
150,2025-05,23
150,2025-06,23
150,2025-07,23
150,2025-08,27
150,2025-09,27
150,2025-10,38
150,2025-11,43
150,2025-12,49
151,2023-01,57
151,2023-02,51
151,2023-03,44
151,2023-04,39
151,2023-05,53
151,2023-06,56
151,2023-07,62
151,2023-08,80
151,2023-09,86
151,2023-10,79
151,2023-11,86
151,2023-12,105
151,2024-01,78
151,2024-02,56
151,2024-03,45
151,2024-04,49
151,2024-05,64
151,2024-06,73
151,2024-07,86
151,2024-08,99
151,2024-09,100
151,2024-10,101
151,2024-11,92
151,2024-12,103
151,2025-01,67
151,2025-02,70
151,2025-03,48
151,2025-04,57
151,2025-05,55
151,2025-06,76
151,2025-07,81
151,2025-08,93
151,2025-09,117
151,2025-10,109
151,2025-11,106
151,2025-12,99
152,2023-01,177
152,2023-02,135
152,2023-03,126
152,2023-04,114
152,2023-05,85
152,2023-06,81
152,2023-07,113
152,2023-08,112
152,2023-09,136
152,2023-10,159
152,2023-11,172
152,2023-12,194
152,2024-01,172
152,2024-02,129
152,2024-03,174
152,2024-04,129
152,2024-05,107
152,2024-06,81
152,2024-07,80
152,2024-08,107
152,2024-09,154
152,2024-10,203
152,2024-11,248
152,2024-12,215
152,2025-01,202
152,2025-02,215
152,2025-03,149
152,2025-04,123
152,2025-05,90
152,2025-06,102
152,2025-07,114
152,2025-08,129
152,2025-09,149
152,2025-10,158
152,2025-11,214
152,2025-12,241
153,2023-01,50
153,2023-02,56
153,2023-03,66
153,2023-04,67
153,2023-05,86
153,2023-06,86
153,2023-07,95
153,2023-08,114
153,2023-09,89
153,2023-10,87
153,2023-11,57
153,2023-12,54
153,2024-01,53
153,2024-02,62
153,2024-03,66
153,2024-04,63
153,2024-05,112
153,2024-06,100
153,2024-07,124
153,2024-08,104
153,2024-09,107
153,2024-10,85
153,2024-11,69
153,2024-12,64
153,2025-01,58
153,2025-02,60
153,2025-03,64
153,2025-04,90
153,2025-05,90
153,2025-06,116
153,2025-07,111
153,2025-08,114
153,2025-09,129
153,2025-10,103
153,2025-11,77
153,2025-12,57
154,2023-01,65
154,2023-02,49
154,2023-03,48
154,2023-04,41
154,2023-05,57
154,2023-06,62
154,2023-07,73
154,2023-08,87
154,2023-09,93
154,2023-10,98
154,2023-11,110
154,2023-12,80
154,2024-01,75
154,2024-02,49
154,2024-03,46
154,2024-04,49
154,2024-05,57
154,2024-06,62
154,2024-07,80
154,2024-08,89
154,2024-09,102
154,2024-10,112
154,2024-11,103
154,2024-12,79
154,2025-01,80
154,2025-02,64
154,2025-03,61
154,2025-04,58
154,2025-05,66
154,2025-06,84
154,2025-07,76
154,2025-08,96
154,2025-09,87
154,2025-10,91
154,2025-11,109
154,2025-12,111
155,2023-01,209
155,2023-02,274
155,2023-03,261
155,2023-04,243
155,2023-05,159
155,2023-06,162
155,2023-07,106
155,2023-08,114
155,2023-09,140
155,2023-10,158
155,2023-11,176
155,2023-12,254
155,2024-01,195
155,2024-02,265
155,2024-03,269
155,2024-04,189
155,2024-05,160
155,2024-06,151
155,2024-07,132
155,2024-08,141
155,2024-09,119
155,2024-10,170
155,2024-11,202
155,2024-12,215
155,2025-01,305
155,2025-02,256
155,2025-03,265
155,2025-04,214
155,2025-05,187
155,2025-06,136
155,2025-07,124
155,2025-08,123
155,2025-09,132
155,2025-10,189
155,2025-11,214
155,2025-12,207
156,2023-01,63
156,2023-02,64
156,2023-03,54
156,2023-04,85
156,2023-05,101
156,2023-06,121
156,2023-07,154
156,2023-08,119
156,2023-09,108
156,2023-10,101
156,2023-11,93
156,2023-12,95
156,2024-01,79
156,2024-02,61
156,2024-03,79
156,2024-04,83
156,2024-05,98
156,2024-06,120
156,2024-07,116
156,2024-08,154
156,2024-09,144
156,2024-10,109
156,2024-11,86
156,2024-12,93
156,2025-01,80
156,2025-02,66
156,2025-03,78
156,2025-04,86
156,2025-05,110
156,2025-06,122
156,2025-07,154
156,2025-08,168
156,2025-09,173
156,2025-10,130
156,2025-11,140
156,2025-12,107
157,2023-01,108
157,2023-02,96
157,2023-03,96
157,2023-04,53
157,2023-05,60
157,2023-06,52
157,2023-07,73
157,2023-08,91
157,2023-09,92
157,2023-10,86
157,2023-11,110
157,2023-12,117
157,2024-01,128
157,2024-02,85
157,2024-03,93
157,2024-04,59
157,2024-05,64
157,2024-06,74
157,2024-07,76
157,2024-08,97
157,2024-09,88
157,2024-10,117
157,2024-11,123
157,2024-12,125
157,2025-01,117
157,2025-02,108
157,2025-03,105
157,2025-04,59
157,2025-05,61
157,2025-06,67
157,2025-07,77
157,2025-08,88
157,2025-09,109
157,2025-10,116
157,2025-11,121
157,2025-12,103
158,2023-01,312
158,2023-02,297
158,2023-03,220
158,2023-04,191
158,2023-05,143
158,2023-06,155
158,2023-07,151
158,2023-08,161
158,2023-09,194
158,2023-10,244
158,2023-11,267
158,2023-12,379
158,2024-01,274
158,2024-02,322
158,2024-03,306
158,2024-04,209
158,2024-05,210
158,2024-06,136
158,2024-07,142
158,2024-08,171
158,2024-09,204
158,2024-10,280
158,2024-11,273
158,2024-12,417
158,2025-01,272
158,2025-02,336
158,2025-03,333
158,2025-04,267
158,2025-05,185
158,2025-06,182
158,2025-07,167
158,2025-08,149
158,2025-09,207
158,2025-10,380
158,2025-11,344
158,2025-12,278
159,2023-01,117
159,2023-02,80
159,2023-03,69
159,2023-04,64
159,2023-05,65
159,2023-06,86
159,2023-07,85
159,2023-08,87
159,2023-09,136
159,2023-10,128
159,2023-11,160
159,2023-12,123
159,2024-01,126
159,2024-02,100
159,2024-03,68
159,2024-04,64
159,2024-05,88
159,2024-06,60
159,2024-07,110
159,2024-08,120
159,2024-09,169
159,2024-10,178
159,2024-11,196
159,2024-12,147
159,2025-01,127
159,2025-02,101
159,2025-03,85
159,2025-04,95
159,2025-05,73
159,2025-06,120
159,2025-07,100
159,2025-08,155
159,2025-09,170
159,2025-10,182
159,2025-11,168
159,2025-12,155
160,2023-01,240
160,2023-02,227
160,2023-03,194
160,2023-04,175
160,2023-05,148
160,2023-06,115
160,2023-07,140
160,2023-08,154
160,2023-09,208
160,2023-10,248
160,2023-11,293
160,2023-12,256
160,2024-01,257
160,2024-02,257
160,2024-03,221
160,2024-04,171
160,2024-05,142
160,2024-06,124
160,2024-07,139
160,2024-08,210
160,2024-09,235
160,2024-10,229
160,2024-11,324
160,2024-12,348
160,2025-01,299
160,2025-02,306
160,2025-03,245
160,2025-04,242
160,2025-05,175
160,2025-06,184
160,2025-07,133
160,2025-08,198
160,2025-09,171
160,2025-10,305
160,2025-11,426
160,2025-12,394
161,2023-01,46
161,2023-02,56
161,2023-03,55
161,2023-04,76
161,2023-05,90
161,2023-06,96
161,2023-07,120
161,2023-08,132
161,2023-09,91
161,2023-10,89
161,2023-11,71
161,2023-12,59
161,2024-01,55
161,2024-02,61
161,2024-03,83
161,2024-04,74
161,2024-05,96
161,2024-06,140
161,2024-07,139
161,2024-08,115
161,2024-09,127
161,2024-10,112
161,2024-11,62
161,2024-12,79
161,2025-01,58
161,2025-02,75
161,2025-03,78
161,2025-04,101
161,2025-05,122
161,2025-06,146
161,2025-07,154
161,2025-08,139
161,2025-09,139
161,2025-10,76
161,2025-11,88
161,2025-12,66
162,2023-01,96
162,2023-02,70
162,2023-03,48
162,2023-04,48
162,2023-05,65
162,2023-06,74
162,2023-07,91
162,2023-08,113
162,2023-09,111
162,2023-10,140
162,2023-11,130
162,2023-12,108
162,2024-01,132
162,2024-02,79
162,2024-03,61
162,2024-04,59
162,2024-05,71
162,2024-06,72
162,2024-07,130
162,2024-08,125
162,2024-09,163
162,2024-10,131
162,2024-11,150
162,2024-12,119
162,2025-01,105
162,2025-02,89
162,2025-03,86
162,2025-04,78
162,2025-05,52
162,2025-06,84
162,2025-07,130
162,2025-08,173
162,2025-09,150
162,2025-10,162
162,2025-11,161
162,2025-12,124
163,2023-01,198
163,2023-02,247
163,2023-03,224
163,2023-04,159
163,2023-05,155
163,2023-06,126
163,2023-07,110
163,2023-08,128
163,2023-09,105
163,2023-10,152
163,2023-11,147
163,2023-12,218
163,2024-01,205
163,2024-02,198
163,2024-03,191
163,2024-04,192
163,2024-05,156
163,2024-06,125
163,2024-07,128
163,2024-08,105
163,2024-09,140
163,2024-10,163
163,2024-11,162
163,2024-12,168
163,2025-01,226
163,2025-02,261
163,2025-03,217
163,2025-04,231
163,2025-05,203
163,2025-06,130
163,2025-07,112
163,2025-08,123
163,2025-09,112
163,2025-10,167
163,2025-11,178
163,2025-12,194
164,2023-01,34
164,2023-02,28
164,2023-03,31
164,2023-04,38
164,2023-05,52
164,2023-06,62
164,2023-07,51
164,2023-08,66
164,2023-09,90
164,2023-10,63
164,2023-11,52
164,2023-12,45
164,2024-01,33
164,2024-02,34
164,2024-03,42
164,2024-04,45
164,2024-05,53
164,2024-06,65
164,2024-07,88
164,2024-08,82
164,2024-09,90
164,2024-10,69
164,2024-11,60
164,2024-12,48
164,2025-01,37
164,2025-02,44
164,2025-03,46
164,2025-04,56
164,2025-05,58
164,2025-06,82
164,2025-07,85
164,2025-08,86
164,2025-09,75
164,2025-10,83
164,2025-11,64
164,2025-12,61
165,2023-01,44
165,2023-02,38
165,2023-03,30
165,2023-04,29
165,2023-05,17
165,2023-06,22
165,2023-07,33
165,2023-08,44
165,2023-09,45
165,2023-10,63
165,2023-11,49
165,2023-12,38
165,2024-01,42
165,2024-02,40
165,2024-03,39
165,2024-04,25
165,2024-05,25
165,2024-06,28
165,2024-07,33
165,2024-08,33
165,2024-09,37
165,2024-10,59
165,2024-11,48
165,2024-12,47
165,2025-01,49
165,2025-02,36
165,2025-03,32
165,2025-04,36
165,2025-05,22
165,2025-06,27
165,2025-07,36
165,2025-08,45
165,2025-09,43
165,2025-10,65
165,2025-11,47
165,2025-12,54
166,2023-01,303
166,2023-02,300
166,2023-03,282
166,2023-04,186
166,2023-05,209
166,2023-06,170
166,2023-07,156
166,2023-08,159
166,2023-09,196
166,2023-10,214
166,2023-11,293
166,2023-12,306
166,2024-01,340
166,2024-02,300
166,2024-03,226
166,2024-04,277
166,2024-05,210
166,2024-06,163
166,2024-07,186
166,2024-08,190
166,2024-09,229
166,2024-10,274
166,2024-11,345
166,2024-12,346
166,2025-01,409
166,2025-02,354
166,2025-03,330
166,2025-04,310
166,2025-05,184
166,2025-06,184
166,2025-07,220
166,2025-08,158
166,2025-09,270
166,2025-10,318
166,2025-11,378
166,2025-12,381
167,2023-01,47
167,2023-02,35
167,2023-03,40
167,2023-04,34
167,2023-05,33
167,2023-06,43
167,2023-07,54
167,2023-08,59
167,2023-09,54
167,2023-10,60
167,2023-11,59
167,2023-12,67
167,2024-01,52
167,2024-02,44
167,2024-03,32
167,2024-04,30
167,2024-05,35
167,2024-06,33
167,2024-07,58
167,2024-08,52
167,2024-09,72
167,2024-10,75
167,2024-11,76
167,2024-12,52
167,2025-01,56
167,2025-02,36
167,2025-03,37
167,2025-04,41
167,2025-05,39
167,2025-06,49
167,2025-07,58
167,2025-08,82
167,2025-09,73
167,2025-10,72
167,2025-11,70
167,2025-12,58
168,2023-01,139
168,2023-02,159
168,2023-03,125
168,2023-04,107
168,2023-05,80
168,2023-06,88
168,2023-07,81
168,2023-08,105
168,2023-09,109
168,2023-10,141
168,2023-11,198
168,2023-12,176
168,2024-01,185
168,2024-02,147
168,2024-03,124
168,2024-04,77
168,2024-05,81
168,2024-06,98
168,2024-07,83
168,2024-08,97
168,2024-09,135
168,2024-10,176
168,2024-11,191
168,2024-12,147
168,2025-01,167
168,2025-02,164
168,2025-03,138
168,2025-04,104
168,2025-05,117
168,2025-06,102
168,2025-07,127
168,2025-08,127
168,2025-09,144
168,2025-10,196
168,2025-11,218
168,2025-12,195
169,2023-01,54
169,2023-02,69
169,2023-03,80
169,2023-04,110
169,2023-05,131
169,2023-06,128
169,2023-07,138
169,2023-08,161
169,2023-09,138
169,2023-10,100
169,2023-11,108
169,2023-12,76
169,2024-01,73
169,2024-02,78
169,2024-03,87
169,2024-04,137
169,2024-05,121
169,2024-06,157
169,2024-07,158
169,2024-08,155
169,2024-09,143
169,2024-10,118
169,2024-11,98
169,2024-12,77
169,2025-01,67
169,2025-02,75
169,2025-03,101
169,2025-04,125
169,2025-05,143
169,2025-06,190
169,2025-07,196
169,2025-08,156
169,2025-09,131
169,2025-10,118
169,2025-11,89
169,2025-12,95
170,2023-01,116
170,2023-02,90
170,2023-03,79
170,2023-04,41
170,2023-05,71
170,2023-06,99
170,2023-07,108
170,2023-08,131
170,2023-09,118
170,2023-10,210
170,2023-11,182
170,2023-12,155
170,2024-01,137
170,2024-02,95
170,2024-03,84
170,2024-04,101
170,2024-05,79
170,2024-06,103
170,2024-07,110
170,2024-08,148
170,2024-09,174
170,2024-10,132
170,2024-11,123
170,2024-12,137
170,2025-01,168
170,2025-02,95
170,2025-03,88
170,2025-04,89
170,2025-05,95
170,2025-06,128
170,2025-07,126
170,2025-08,194
170,2025-09,187
170,2025-10,183
170,2025-11,183
170,2025-12,159
171,2023-01,341
171,2023-02,200
171,2023-03,323
171,2023-04,325
171,2023-05,250
171,2023-06,194
171,2023-07,170
171,2023-08,205
171,2023-09,161
171,2023-10,205
171,2023-11,256
171,2023-12,303
171,2024-01,285
171,2024-02,337
171,2024-03,356
171,2024-04,294
171,2024-05,248
171,2024-06,174
171,2024-07,200
171,2024-08,139
171,2024-09,160
171,2024-10,215
171,2024-11,217
171,2024-12,285
171,2025-01,352
171,2025-02,346
171,2025-03,302
171,2025-04,216
171,2025-05,207
171,2025-06,219
171,2025-07,169
171,2025-08,145
171,2025-09,143
171,2025-10,171
171,2025-11,197
171,2025-12,249
172,2023-01,82
172,2023-02,83
172,2023-03,84
172,2023-04,75
172,2023-05,95
172,2023-06,93
172,2023-07,132
172,2023-08,132
172,2023-09,141
172,2023-10,133
172,2023-11,92
172,2023-12,90
172,2024-01,54
172,2024-02,55
172,2024-03,72
172,2024-04,85
172,2024-05,95
172,2024-06,124
172,2024-07,147
172,2024-08,153
172,2024-09,119
172,2024-10,99
172,2024-11,93
172,2024-12,94
172,2025-01,70
172,2025-02,64
172,2025-03,69
172,2025-04,86
172,2025-05,102
172,2025-06,113
172,2025-07,161
172,2025-08,144
172,2025-09,135
172,2025-10,136
172,2025-11,87
172,2025-12,80
173,2023-01,120
173,2023-02,93
173,2023-03,90
173,2023-04,74
173,2023-05,67
173,2023-06,80
173,2023-07,83
173,2023-08,106
173,2023-09,129
173,2023-10,165
173,2023-11,155
173,2023-12,146
173,2024-01,115
173,2024-02,130
173,2024-03,99
173,2024-04,87
173,2024-05,87
173,2024-06,69
173,2024-07,96
173,2024-08,118
173,2024-09,151
173,2024-10,178
173,2024-11,185
173,2024-12,167
173,2025-01,176
173,2025-02,125
173,2025-03,109
173,2025-04,100
173,2025-05,78
173,2025-06,105
173,2025-07,116
173,2025-08,124
173,2025-09,140
173,2025-10,151
173,2025-11,206
173,2025-12,146
174,2023-01,243
174,2023-02,241
174,2023-03,208
174,2023-04,171
174,2023-05,129
174,2023-06,108
174,2023-07,121
174,2023-08,105
174,2023-09,136
174,2023-10,170
174,2023-11,194
174,2023-12,225
174,2024-01,222
174,2024-02,180
174,2024-03,188
174,2024-04,205
174,2024-05,177
174,2024-06,132
174,2024-07,126
174,2024-08,96
174,2024-09,122
174,2024-10,190
174,2024-11,189
174,2024-12,238
174,2025-01,240
174,2025-02,204
174,2025-03,214
174,2025-04,151
174,2025-05,139
174,2025-06,123
174,2025-07,128
174,2025-08,88
174,2025-09,151
174,2025-10,193
174,2025-11,236
174,2025-12,273
175,2023-01,90
175,2023-02,70
175,2023-03,46
175,2023-04,60
175,2023-05,61
175,2023-06,55
175,2023-07,90
175,2023-08,104
175,2023-09,103
175,2023-10,84
175,2023-11,105
175,2023-12,89
175,2024-01,76
175,2024-02,51
175,2024-03,58
175,2024-04,46
175,2024-05,59
175,2024-06,61
175,2024-07,84
175,2024-08,89
175,2024-09,101
175,2024-10,102
175,2024-11,94
175,2024-12,89
175,2025-01,60
175,2025-02,51
175,2025-03,51
175,2025-04,49
175,2025-05,59
175,2025-06,57
175,2025-07,74
175,2025-08,92
175,2025-09,89
175,2025-10,99
175,2025-11,87
175,2025-12,85
176,2023-01,148
176,2023-02,93
176,2023-03,84
176,2023-04,84
176,2023-05,76
176,2023-06,45
176,2023-07,71
176,2023-08,76
176,2023-09,104
176,2023-10,136
176,2023-11,105
176,2023-12,129
176,2024-01,111
176,2024-02,117
176,2024-03,98
176,2024-04,79
176,2024-05,66
176,2024-06,61
176,2024-07,85
176,2024-08,78
176,2024-09,98
176,2024-10,119
176,2024-11,122
176,2024-12,157
176,2025-01,115
176,2025-02,153
176,2025-03,121
176,2025-04,83
176,2025-05,60
176,2025-06,67
176,2025-07,91
176,2025-08,88
176,2025-09,108
176,2025-10,125
176,2025-11,127
176,2025-12,150
177,2023-01,20
177,2023-02,22
177,2023-03,24
177,2023-04,31
177,2023-05,29
177,2023-06,40
177,2023-07,50
177,2023-08,35
177,2023-09,33
177,2023-10,36
177,2023-11,25
177,2023-12,22
177,2024-01,23
177,2024-02,23
177,2024-03,23
177,2024-04,35
177,2024-05,46
177,2024-06,37
177,2024-07,40
177,2024-08,41
177,2024-09,42
177,2024-10,36
177,2024-11,33
177,2024-12,20
177,2025-01,24
177,2025-02,21
177,2025-03,27
177,2025-04,37
177,2025-05,40
177,2025-06,35
177,2025-07,44
177,2025-08,40
177,2025-09,39
177,2025-10,37
177,2025-11,31
177,2025-12,25
178,2023-01,117
178,2023-02,124
178,2023-03,99
178,2023-04,80
178,2023-05,126
178,2023-06,133
178,2023-07,164
178,2023-08,174
178,2023-09,187
178,2023-10,158
178,2023-11,188
178,2023-12,167
178,2024-01,160
178,2024-02,132
178,2024-03,91
178,2024-04,101
178,2024-05,91
178,2024-06,133
178,2024-07,164
178,2024-08,162
178,2024-09,182
178,2024-10,195
178,2024-11,170
178,2024-12,191
178,2025-01,125
178,2025-02,138
178,2025-03,91
178,2025-04,104
178,2025-05,88
178,2025-06,136
178,2025-07,175
178,2025-08,200
178,2025-09,235
178,2025-10,240
178,2025-11,209
178,2025-12,142
179,2023-01,96
179,2023-02,84
179,2023-03,90
179,2023-04,86
179,2023-05,52
179,2023-06,65
179,2023-07,56
179,2023-08,55
179,2023-09,36
179,2023-10,81
179,2023-11,77
179,2023-12,91
179,2024-01,113
179,2024-02,103
179,2024-03,105
179,2024-04,90
179,2024-05,86
179,2024-06,58
179,2024-07,45
179,2024-08,47
179,2024-09,58
179,2024-10,61
179,2024-11,69
179,2024-12,82
179,2025-01,82
179,2025-02,108
179,2025-03,88
179,2025-04,101
179,2025-05,75
179,2025-06,55
179,2025-07,57
179,2025-08,44
179,2025-09,48
179,2025-10,58
179,2025-11,73
179,2025-12,63
180,2023-01,56
180,2023-02,42
180,2023-03,37
180,2023-04,46
180,2023-05,71
180,2023-06,90
180,2023-07,91
180,2023-08,78
180,2023-09,92
180,2023-10,87
180,2023-11,70
180,2023-12,60
180,2024-01,47
180,2024-02,44
180,2024-03,50
180,2024-04,64
180,2024-05,71
180,2024-06,78
180,2024-07,103
180,2024-08,98
180,2024-09,82
180,2024-10,121
180,2024-11,74
180,2024-12,76
180,2025-01,45
180,2025-02,51
180,2025-03,62
180,2025-04,61
180,2025-05,85
180,2025-06,93
180,2025-07,105
180,2025-08,112
180,2025-09,127
180,2025-10,118
180,2025-11,108
180,2025-12,76
181,2023-01,164
181,2023-02,146
181,2023-03,96
181,2023-04,77
181,2023-05,108
181,2023-06,104
181,2023-07,142
181,2023-08,163
181,2023-09,172
181,2023-10,173
181,2023-11,194
181,2023-12,259
181,2024-01,183
181,2024-02,149
181,2024-03,131
181,2024-04,118
181,2024-05,125
181,2024-06,104
181,2024-07,151
181,2024-08,146
181,2024-09,237
181,2024-10,279
181,2024-11,245
181,2024-12,252
181,2025-01,251
181,2025-02,196
181,2025-03,177
181,2025-04,138
181,2025-05,129
181,2025-06,147
181,2025-07,165
181,2025-08,185
181,2025-09,233
181,2025-10,281
181,2025-11,266
181,2025-12,261
182,2023-01,198
182,2023-02,169
182,2023-03,172
182,2023-04,135
182,2023-05,103
182,2023-06,99
182,2023-07,85
182,2023-08,94
182,2023-09,107
182,2023-10,146
182,2023-11,143
182,2023-12,149
182,2024-01,224
182,2024-02,191
182,2024-03,149
182,2024-04,129
182,2024-05,106
182,2024-06,91
182,2024-07,76
182,2024-08,88
182,2024-09,113
182,2024-10,145
182,2024-11,133
182,2024-12,188
182,2025-01,174
182,2025-02,162
182,2025-03,172
182,2025-04,109
182,2025-05,110
182,2025-06,90
182,2025-07,101
182,2025-08,94
182,2025-09,115
182,2025-10,121
182,2025-11,147
182,2025-12,165
183,2023-01,81
183,2023-02,82
183,2023-03,79
183,2023-04,51
183,2023-05,70
183,2023-06,69
183,2023-07,115
183,2023-08,129
183,2023-09,148
183,2023-10,164
183,2023-11,138
183,2023-12,133
183,2024-01,88
183,2024-02,79
183,2024-03,74
183,2024-04,59
183,2024-05,58
183,2024-06,90
183,2024-07,88
183,2024-08,106
183,2024-09,142
183,2024-10,158
183,2024-11,137
183,2024-12,139
183,2025-01,122
183,2025-02,104
183,2025-03,56
183,2025-04,70
183,2025-05,81
183,2025-06,77
183,2025-07,96
183,2025-08,83
183,2025-09,161
183,2025-10,126
183,2025-11,182
183,2025-12,103
184,2023-01,101
184,2023-02,91
184,2023-03,65
184,2023-04,66
184,2023-05,39
184,2023-06,51
184,2023-07,53
184,2023-08,60
184,2023-09,77
184,2023-10,113
184,2023-11,119
184,2023-12,119
184,2024-01,131
184,2024-02,103
184,2024-03,79
184,2024-04,81
184,2024-05,67
184,2024-06,55
184,2024-07,67
184,2024-08,74
184,2024-09,109
184,2024-10,96
184,2024-11,94
184,2024-12,131
184,2025-01,137
184,2025-02,138
184,2025-03,88
184,2025-04,72
184,2025-05,56
184,2025-06,78
184,2025-07,60
184,2025-08,70
184,2025-09,117
184,2025-10,99
184,2025-11,133
184,2025-12,148
185,2023-01,84
185,2023-02,82
185,2023-03,95
185,2023-04,121
185,2023-05,149
185,2023-06,136
185,2023-07,175
185,2023-08,165
185,2023-09,154
185,2023-10,120
185,2023-11,98
185,2023-12,82
185,2024-01,87
185,2024-02,90
185,2024-03,111
185,2024-04,124
185,2024-05,157
185,2024-06,183
185,2024-07,204
185,2024-08,156
185,2024-09,156
185,2024-10,144
185,2024-11,129
185,2024-12,97
185,2025-01,101
185,2025-02,109
185,2025-03,141
185,2025-04,124
185,2025-05,172
185,2025-06,182
185,2025-07,222
185,2025-08,174
185,2025-09,245
185,2025-10,155
185,2025-11,130
185,2025-12,95
186,2023-01,75
186,2023-02,64
186,2023-03,41
186,2023-04,36
186,2023-05,42
186,2023-06,56
186,2023-07,76
186,2023-08,74
186,2023-09,99
186,2023-10,114
186,2023-11,95
186,2023-12,102
186,2024-01,72
186,2024-02,59
186,2024-03,55
186,2024-04,68
186,2024-05,54
186,2024-06,76
186,2024-07,93
186,2024-08,112
186,2024-09,141
186,2024-10,113
186,2024-11,136
186,2024-12,112
186,2025-01,89
186,2025-02,76
186,2025-03,58
186,2025-04,64
186,2025-05,55
186,2025-06,69
186,2025-07,102
186,2025-08,128
186,2025-09,135
186,2025-10,175
186,2025-11,142
186,2025-12,131
187,2023-01,193
187,2023-02,193
187,2023-03,245
187,2023-04,157
187,2023-05,161
187,2023-06,128
187,2023-07,106
187,2023-08,99
187,2023-09,114
187,2023-10,150
187,2023-11,150
187,2023-12,190
187,2024-01,219
187,2024-02,239
187,2024-03,214
187,2024-04,224
187,2024-05,172
187,2024-06,109
187,2024-07,128
187,2024-08,120
187,2024-09,153
187,2024-10,123
187,2024-11,183
187,2024-12,217
187,2025-01,219
187,2025-02,212
187,2025-03,235
187,2025-04,230
187,2025-05,187
187,2025-06,150
187,2025-07,119
187,2025-08,117
187,2025-09,129
187,2025-10,119
187,2025-11,232
187,2025-12,210
188,2023-01,64
188,2023-02,51
188,2023-03,67
188,2023-04,77
188,2023-05,96
188,2023-06,98
188,2023-07,109
188,2023-08,157
188,2023-09,110
188,2023-10,111
188,2023-11,76
188,2023-12,77
188,2024-01,60
188,2024-02,66
188,2024-03,75
188,2024-04,78
188,2024-05,98
188,2024-06,108
188,2024-07,137
188,2024-08,144
188,2024-09,161
188,2024-10,126
188,2024-11,114
188,2024-12,89
188,2025-01,93
188,2025-02,74
188,2025-03,76
188,2025-04,95
188,2025-05,100
188,2025-06,131
188,2025-07,140
188,2025-08,140
188,2025-09,131
188,2025-10,146
188,2025-11,125
188,2025-12,86
189,2023-01,119
189,2023-02,109
189,2023-03,68
189,2023-04,56
189,2023-05,56
189,2023-06,54
189,2023-07,65
189,2023-08,84
189,2023-09,108
189,2023-10,114
189,2023-11,117
189,2023-12,92
189,2024-01,65
189,2024-02,68
189,2024-03,59
189,2024-04,41
189,2024-05,49
189,2024-06,55
189,2024-07,62
189,2024-08,61
189,2024-09,90
189,2024-10,92
189,2024-11,100
189,2024-12,93
189,2025-01,64
189,2025-02,55
189,2025-03,58
189,2025-04,40
189,2025-05,40
189,2025-06,50
189,2025-07,59
189,2025-08,63
189,2025-09,89
189,2025-10,91
189,2025-11,80
189,2025-12,83
190,2023-01,120
190,2023-02,123
190,2023-03,111
190,2023-04,90
190,2023-05,69
190,2023-06,58
190,2023-07,71
190,2023-08,58
190,2023-09,72
190,2023-10,83
190,2023-11,132
190,2023-12,152
190,2024-01,125
190,2024-02,135
190,2024-03,94
190,2024-04,124
190,2024-05,108
190,2024-06,83
190,2024-07,69
190,2024-08,76
190,2024-09,100
190,2024-10,133
190,2024-11,117
190,2024-12,166
190,2025-01,156
190,2025-02,146
190,2025-03,152
190,2025-04,117
190,2025-05,95
190,2025-06,104
190,2025-07,75
190,2025-08,95
190,2025-09,99
190,2025-10,125
190,2025-11,150
190,2025-12,158
191,2023-01,74
191,2023-02,82
191,2023-03,63
191,2023-04,54
191,2023-05,64
191,2023-06,90
191,2023-07,101
191,2023-08,105
191,2023-09,126
191,2023-10,125
191,2023-11,115
191,2023-12,100
191,2024-01,94
191,2024-02,82
191,2024-03,80
191,2024-04,50
191,2024-05,47
191,2024-06,72
191,2024-07,86
191,2024-08,92
191,2024-09,131
191,2024-10,131
191,2024-11,130
191,2024-12,114
191,2025-01,75
191,2025-02,62
191,2025-03,59
191,2025-04,57
191,2025-05,66
191,2025-06,70
191,2025-07,86
191,2025-08,123
191,2025-09,116
191,2025-10,147
191,2025-11,76
191,2025-12,88
192,2023-01,78
192,2023-02,91
192,2023-03,77
192,2023-04,56
192,2023-05,49
192,2023-06,51
192,2023-07,48
192,2023-08,68
192,2023-09,62
192,2023-10,100
192,2023-11,84
192,2023-12,106
192,2024-01,87
192,2024-02,118
192,2024-03,103
192,2024-04,73
192,2024-05,48
192,2024-06,52
192,2024-07,50
192,2024-08,71
192,2024-09,84
192,2024-10,107
192,2024-11,98
192,2024-12,118
192,2025-01,125
192,2025-02,116
192,2025-03,79
192,2025-04,75
192,2025-05,63
192,2025-06,52
192,2025-07,49
192,2025-08,69
192,2025-09,91
192,2025-10,114
192,2025-11,141
192,2025-12,137
193,2023-01,75
193,2023-02,63
193,2023-03,107
193,2023-04,120
193,2023-05,134
193,2023-06,112
193,2023-07,148
193,2023-08,142
193,2023-09,142
193,2023-10,86
193,2023-11,94
193,2023-12,70
193,2024-01,70
193,2024-02,68
193,2024-03,93
193,2024-04,102
193,2024-05,129
193,2024-06,154
193,2024-07,189
193,2024-08,141
193,2024-09,119
193,2024-10,108
193,2024-11,87
193,2024-12,66
193,2025-01,56
193,2025-02,57
193,2025-03,109
193,2025-04,117
193,2025-05,112
193,2025-06,129
193,2025-07,115
193,2025-08,133
193,2025-09,90
193,2025-10,76
193,2025-11,80
193,2025-12,71
194,2023-01,135
194,2023-02,141
194,2023-03,83
194,2023-04,136
194,2023-05,150
194,2023-06,144
194,2023-07,140
194,2023-08,213
194,2023-09,305
194,2023-10,277
194,2023-11,209
194,2023-12,221
194,2024-01,206
194,2024-02,191
194,2024-03,127
194,2024-04,144
194,2024-05,142
194,2024-06,176
194,2024-07,189
194,2024-08,216
194,2024-09,251
194,2024-10,300
194,2024-11,261
194,2024-12,273
194,2025-01,186
194,2025-02,171
194,2025-03,174
194,2025-04,108
194,2025-05,114
194,2025-06,137
194,2025-07,236
194,2025-08,248
194,2025-09,322
194,2025-10,296
194,2025-11,243
194,2025-12,330
195,2023-01,259
195,2023-02,210
195,2023-03,238
195,2023-04,206
195,2023-05,229
195,2023-06,143
195,2023-07,163
195,2023-08,148
195,2023-09,135
195,2023-10,180
195,2023-11,216
195,2023-12,230
195,2024-01,234
195,2024-02,266
195,2024-03,225
195,2024-04,214
195,2024-05,128
195,2024-06,123
195,2024-07,110
195,2024-08,127
195,2024-09,136
195,2024-10,147
195,2024-11,170
195,2024-12,208
195,2025-01,239
195,2025-02,210
195,2025-03,246
195,2025-04,202
195,2025-05,154
195,2025-06,127
195,2025-07,112
195,2025-08,92
195,2025-09,110
195,2025-10,129
195,2025-11,151
195,2025-12,180
196,2023-01,79
196,2023-02,49
196,2023-03,67
196,2023-04,69
196,2023-05,68
196,2023-06,102
196,2023-07,116
196,2023-08,128
196,2023-09,119
196,2023-10,113
196,2023-11,100
196,2023-12,75
196,2024-01,83
196,2024-02,60
196,2024-03,78
196,2024-04,70
196,2024-05,81
196,2024-06,116
196,2024-07,128
196,2024-08,139
196,2024-09,91
196,2024-10,86
196,2024-11,101
196,2024-12,75
196,2025-01,64
196,2025-02,63
196,2025-03,62
196,2025-04,86
196,2025-05,95
196,2025-06,139
196,2025-07,117
196,2025-08,116
196,2025-09,148
196,2025-10,123
196,2025-11,92
196,2025-12,69
197,2023-01,113
197,2023-02,110
197,2023-03,83
197,2023-04,70
197,2023-05,72
197,2023-06,61
197,2023-07,55
197,2023-08,89
197,2023-09,122
197,2023-10,138
197,2023-11,104
197,2023-12,117
197,2024-01,109
197,2024-02,96
197,2024-03,86
197,2024-04,67
197,2024-05,66
197,2024-06,77
197,2024-07,83
197,2024-08,81
197,2024-09,138
197,2024-10,113
197,2024-11,139
197,2024-12,140
197,2025-01,137
197,2025-02,75
197,2025-03,91
197,2025-04,74
197,2025-05,73
197,2025-06,80
197,2025-07,88
197,2025-08,96
197,2025-09,153
197,2025-10,128
197,2025-11,148
197,2025-12,144
198,2023-01,149
198,2023-02,153
198,2023-03,188
198,2023-04,116
198,2023-05,107
198,2023-06,95
198,2023-07,69
198,2023-08,98
198,2023-09,117
198,2023-10,134
198,2023-11,167
198,2023-12,198
198,2024-01,185
198,2024-02,217
198,2024-03,159
198,2024-04,152
198,2024-05,125
198,2024-06,102
198,2024-07,101
198,2024-08,101
198,2024-09,119
198,2024-10,132
198,2024-11,198
198,2024-12,203
198,2025-01,197
198,2025-02,243
198,2025-03,215
198,2025-04,166
198,2025-05,120
198,2025-06,128
198,2025-07,123
198,2025-08,124
198,2025-09,113
198,2025-10,178
198,2025-11,220
198,2025-12,241
199,2023-01,41
199,2023-02,30
199,2023-03,27
199,2023-04,23
199,2023-05,26
199,2023-06,33
199,2023-07,43
199,2023-08,60
199,2023-09,44
199,2023-10,65
199,2023-11,60
199,2023-12,48
199,2024-01,40
199,2024-02,35
199,2024-03,25
199,2024-04,25
199,2024-05,38
199,2024-06,40
199,2024-07,41
199,2024-08,39
199,2024-09,68
199,2024-10,56
199,2024-11,53
199,2024-12,49
199,2025-01,42
199,2025-02,34
199,2025-03,29
199,2025-04,23
199,2025-05,26
199,2025-06,37
199,2025-07,55
199,2025-08,53
199,2025-09,63
199,2025-10,55
199,2025-11,53
199,2025-12,58
200,2023-01,243
200,2023-02,252
200,2023-03,201
200,2023-04,148
200,2023-05,132
200,2023-06,171
200,2023-07,162
200,2023-08,150
200,2023-09,203
200,2023-10,282
200,2023-11,303
200,2023-12,211
200,2024-01,299
200,2024-02,268
200,2024-03,182
200,2024-04,194
200,2024-05,185
200,2024-06,154
200,2024-07,161
200,2024-08,168
200,2024-09,210
200,2024-10,171
200,2024-11,263
200,2024-12,292
200,2025-01,250
200,2025-02,265
200,2025-03,214
200,2025-04,166
200,2025-05,158
200,2025-06,104
200,2025-07,124
200,2025-08,202
200,2025-09,197
200,2025-10,282
200,2025-11,280
200,2025-12,190
201,2023-01,55
201,2023-02,61
201,2023-03,65
201,2023-04,67
201,2023-05,89
201,2023-06,117
201,2023-07,71
201,2023-08,104
201,2023-09,82
201,2023-10,77
201,2023-11,72
201,2023-12,56
201,2024-01,41
201,2024-02,51
201,2024-03,55
201,2024-04,66
201,2024-05,82
201,2024-06,89
201,2024-07,92
201,2024-08,70
201,2024-09,86
201,2024-10,70
201,2024-11,49
201,2024-12,52
201,2025-01,36
201,2025-02,43
201,2025-03,57
201,2025-04,62
201,2025-05,73
201,2025-06,77
201,2025-07,74
201,2025-08,89
201,2025-09,61
201,2025-10,48
201,2025-11,50
201,2025-12,44
202,2023-01,142
202,2023-02,113
202,2023-03,93
202,2023-04,79
202,2023-05,81
202,2023-06,113
202,2023-07,136
202,2023-08,148
202,2023-09,165
202,2023-10,163
202,2023-11,150
202,2023-12,128
202,2024-01,125
202,2024-02,99
202,2024-03,93
202,2024-04,77
202,2024-05,96
202,2024-06,137
202,2024-07,145
202,2024-08,186
202,2024-09,158
202,2024-10,185
202,2024-11,194
202,2024-12,121
202,2025-01,132
202,2025-02,106
202,2025-03,96
202,2025-04,94
202,2025-05,99
202,2025-06,125
202,2025-07,89
202,2025-08,157
202,2025-09,202
202,2025-10,183
202,2025-11,137
202,2025-12,162
203,2023-01,156
203,2023-02,171
203,2023-03,178
203,2023-04,155
203,2023-05,109
203,2023-06,103
203,2023-07,80
203,2023-08,80
203,2023-09,77
203,2023-10,117
203,2023-11,130
203,2023-12,159
203,2024-01,188
203,2024-02,200
203,2024-03,203
203,2024-04,191
203,2024-05,134
203,2024-06,102
203,2024-07,116
203,2024-08,81
203,2024-09,108
203,2024-10,132
203,2024-11,187
203,2024-12,215
203,2025-01,199
203,2025-02,198
203,2025-03,168
203,2025-04,216
203,2025-05,153
203,2025-06,174
203,2025-07,125
203,2025-08,124
203,2025-09,121
203,2025-10,152
203,2025-11,180
203,2025-12,212
204,2023-01,54
204,2023-02,50
204,2023-03,62
204,2023-04,84
204,2023-05,102
204,2023-06,97
204,2023-07,94
204,2023-08,124
204,2023-09,90
204,2023-10,114
204,2023-11,100
204,2023-12,88
204,2024-01,58
204,2024-02,79
204,2024-03,67
204,2024-04,91
204,2024-05,140
204,2024-06,127
204,2024-07,113
204,2024-08,134
204,2024-09,122
204,2024-10,126
204,2024-11,108
204,2024-12,76
204,2025-01,71
204,2025-02,60
204,2025-03,63
204,2025-04,89
204,2025-05,94
204,2025-06,124
204,2025-07,148
204,2025-08,109
204,2025-09,154
204,2025-10,109
204,2025-11,123
204,2025-12,86
205,2023-01,50
205,2023-02,52
205,2023-03,40
205,2023-04,34
205,2023-05,40
205,2023-06,37
205,2023-07,46
205,2023-08,44
205,2023-09,71
205,2023-10,55
205,2023-11,61
205,2023-12,69
205,2024-01,59
205,2024-02,57
205,2024-03,51
205,2024-04,43
205,2024-05,32
205,2024-06,37
205,2024-07,43
205,2024-08,56
205,2024-09,55
205,2024-10,54
205,2024-11,69
205,2024-12,56
205,2025-01,53
205,2025-02,61
205,2025-03,44
205,2025-04,33
205,2025-05,28
205,2025-06,35
205,2025-07,37
205,2025-08,49
205,2025-09,46
205,2025-10,54
205,2025-11,67
205,2025-12,50
206,2023-01,400
206,2023-02,335
206,2023-03,312
206,2023-04,275
206,2023-05,188
206,2023-06,148
206,2023-07,200
206,2023-08,184
206,2023-09,239
206,2023-10,252
206,2023-11,306
206,2023-12,334
206,2024-01,343
206,2024-02,363
206,2024-03,284
206,2024-04,210
206,2024-05,218
206,2024-06,133
206,2024-07,134
206,2024-08,135
206,2024-09,187
206,2024-10,238
206,2024-11,306
206,2024-12,284
206,2025-01,324
206,2025-02,336
206,2025-03,275
206,2025-04,257
206,2025-05,192
206,2025-06,177
206,2025-07,182
206,2025-08,189
206,2025-09,155
206,2025-10,237
206,2025-11,304
206,2025-12,243
207,2023-01,69
207,2023-02,53
207,2023-03,68
207,2023-04,54
207,2023-05,52
207,2023-06,63
207,2023-07,65
207,2023-08,103
207,2023-09,98
207,2023-10,121
207,2023-11,95
207,2023-12,88
207,2024-01,61
207,2024-02,46
207,2024-03,55
207,2024-04,64
207,2024-05,60
207,2024-06,65
207,2024-07,67
207,2024-08,97
207,2024-09,95
207,2024-10,118
207,2024-11,85
207,2024-12,94
207,2025-01,86
207,2025-02,70
207,2025-03,52
207,2025-04,52
207,2025-05,57
207,2025-06,52
207,2025-07,77
207,2025-08,112
207,2025-09,113
207,2025-10,96
207,2025-11,113
207,2025-12,96
208,2023-01,114
208,2023-02,103
208,2023-03,97
208,2023-04,85
208,2023-05,60
208,2023-06,60
208,2023-07,52
208,2023-08,78
208,2023-09,101
208,2023-10,102
208,2023-11,111
208,2023-12,110
208,2024-01,119
208,2024-02,91
208,2024-03,94
208,2024-04,83
208,2024-05,66
208,2024-06,49
208,2024-07,62
208,2024-08,86
208,2024-09,93
208,2024-10,108
208,2024-11,114
208,2024-12,115
208,2025-01,112
208,2025-02,110
208,2025-03,83
208,2025-04,84
208,2025-05,61
208,2025-06,50
208,2025-07,62
208,2025-08,82
208,2025-09,97
208,2025-10,112
208,2025-11,82
208,2025-12,125
209,2023-01,40
209,2023-02,46
209,2023-03,59
209,2023-04,77
209,2023-05,78
209,2023-06,73
209,2023-07,99
209,2023-08,110
209,2023-09,73
209,2023-10,85
209,2023-11,70
209,2023-12,47
209,2024-01,49
209,2024-02,48
209,2024-03,45
209,2024-04,69
209,2024-05,96
209,2024-06,97
209,2024-07,97
209,2024-08,99
209,2024-09,120
209,2024-10,89
209,2024-11,60
209,2024-12,55
209,2025-01,62
209,2025-02,63
209,2025-03,88
209,2025-04,98
209,2025-05,124
209,2025-06,123
209,2025-07,128
209,2025-08,135
209,2025-09,114
209,2025-10,97
209,2025-11,71
209,2025-12,72
210,2023-01,76
210,2023-02,58
210,2023-03,50
210,2023-04,49
210,2023-05,55
210,2023-06,56
210,2023-07,84
210,2023-08,97
210,2023-09,116
210,2023-10,112
210,2023-11,106
210,2023-12,92
210,2024-01,69
210,2024-02,68
210,2024-03,50
210,2024-04,56
210,2024-05,54
210,2024-06,46
210,2024-07,70
210,2024-08,79
210,2024-09,112
210,2024-10,104
210,2024-11,101
210,2024-12,79
210,2025-01,74
210,2025-02,61
210,2025-03,64
210,2025-04,48
210,2025-05,51
210,2025-06,56
210,2025-07,86
210,2025-08,85
210,2025-09,87
210,2025-10,88
210,2025-11,105
210,2025-12,78
211,2023-01,174
211,2023-02,170
211,2023-03,161
211,2023-04,141
211,2023-05,95
211,2023-06,95
211,2023-07,90
211,2023-08,85
211,2023-09,96
211,2023-10,114
211,2023-11,134
211,2023-12,169
211,2024-01,197
211,2024-02,209
211,2024-03,178
211,2024-04,180
211,2024-05,143
211,2024-06,130
211,2024-07,120
211,2024-08,107
211,2024-09,135
211,2024-10,127
211,2024-11,166
211,2024-12,209
211,2025-01,245
211,2025-02,205
211,2025-03,220
211,2025-04,204
211,2025-05,165
211,2025-06,153
211,2025-07,129
211,2025-08,124
211,2025-09,136
211,2025-10,158
211,2025-11,169
211,2025-12,181
212,2023-01,45
212,2023-02,54
212,2023-03,54
212,2023-04,61
212,2023-05,74
212,2023-06,90
212,2023-07,106
212,2023-08,112
212,2023-09,100
212,2023-10,67
212,2023-11,62
212,2023-12,69
212,2024-01,51
212,2024-02,43
212,2024-03,40
212,2024-04,64
212,2024-05,75
212,2024-06,84
212,2024-07,95
212,2024-08,68
212,2024-09,78
212,2024-10,66
212,2024-11,62
212,2024-12,60
212,2025-01,48
212,2025-02,44
212,2025-03,35
212,2025-04,61
212,2025-05,76
212,2025-06,89
212,2025-07,88
212,2025-08,84
212,2025-09,94
212,2025-10,78
212,2025-11,66
212,2025-12,52
213,2023-01,75
213,2023-02,55
213,2023-03,47
213,2023-04,43
213,2023-05,50
213,2023-06,35
213,2023-07,68
213,2023-08,64
213,2023-09,73
213,2023-10,113
213,2023-11,102
213,2023-12,81
213,2024-01,77
213,2024-02,78
213,2024-03,59
213,2024-04,57
213,2024-05,58
213,2024-06,53
213,2024-07,66
213,2024-08,75
213,2024-09,95
213,2024-10,82
213,2024-11,91
213,2024-12,106
213,2025-01,102
213,2025-02,83
213,2025-03,49
213,2025-04,61
213,2025-05,49
213,2025-06,57
213,2025-07,64
213,2025-08,87
213,2025-09,104
213,2025-10,103
213,2025-11,104
213,2025-12,105
214,2023-01,209
214,2023-02,223
214,2023-03,207
214,2023-04,160
214,2023-05,118
214,2023-06,91
214,2023-07,105
214,2023-08,105
214,2023-09,140
214,2023-10,113
214,2023-11,130
214,2023-12,222
214,2024-01,220
214,2024-02,207
214,2024-03,155
214,2024-04,171
214,2024-05,154
214,2024-06,105
214,2024-07,101
214,2024-08,120
214,2024-09,120
214,2024-10,169
214,2024-11,155
214,2024-12,190
214,2025-01,198
214,2025-02,214
214,2025-03,201
214,2025-04,173
214,2025-05,150
214,2025-06,115
214,2025-07,120
214,2025-08,135
214,2025-09,145
214,2025-10,180
214,2025-11,217
214,2025-12,236
215,2023-01,91
215,2023-02,59
215,2023-03,55
215,2023-04,61
215,2023-05,59
215,2023-06,72
215,2023-07,78
215,2023-08,115
215,2023-09,116
215,2023-10,115
215,2023-11,108
215,2023-12,104
215,2024-01,84
215,2024-02,64
215,2024-03,71
215,2024-04,48
215,2024-05,69
215,2024-06,49
215,2024-07,79
215,2024-08,110
215,2024-09,99
215,2024-10,109
215,2024-11,111
215,2024-12,120
215,2025-01,96
215,2025-02,84
215,2025-03,57
215,2025-04,49
215,2025-05,78
215,2025-06,87
215,2025-07,106
215,2025-08,135
215,2025-09,116
215,2025-10,123
215,2025-11,99
215,2025-12,107
216,2023-01,63
216,2023-02,76
216,2023-03,58
216,2023-04,45
216,2023-05,30
216,2023-06,30
216,2023-07,38
216,2023-08,43
216,2023-09,59
216,2023-10,68
216,2023-11,79
216,2023-12,64
216,2024-01,68
216,2024-02,68
216,2024-03,50
216,2024-04,49
216,2024-05,35
216,2024-06,36
216,2024-07,28
216,2024-08,42
216,2024-09,56
216,2024-10,56
216,2024-11,73
216,2024-12,57
216,2025-01,59
216,2025-02,48
216,2025-03,55
216,2025-04,37
216,2025-05,36
216,2025-06,29
216,2025-07,25
216,2025-08,34
216,2025-09,42
216,2025-10,51
216,2025-11,62
216,2025-12,59
217,2023-01,52
217,2023-02,58
217,2023-03,53
217,2023-04,80
217,2023-05,88
217,2023-06,95
217,2023-07,95
217,2023-08,97
217,2023-09,79
217,2023-10,78
217,2023-11,72
217,2023-12,69
217,2024-01,44
217,2024-02,59
217,2024-03,58
217,2024-04,91
217,2024-05,93
217,2024-06,76
217,2024-07,104
217,2024-08,113
217,2024-09,100
217,2024-10,96
217,2024-11,69
217,2024-12,59
217,2025-01,47
217,2025-02,54
217,2025-03,67
217,2025-04,83
217,2025-05,80
217,2025-06,96
217,2025-07,94
217,2025-08,112
217,2025-09,109
217,2025-10,78
217,2025-11,84
217,2025-12,62
218,2023-01,145
218,2023-02,105
218,2023-03,101
218,2023-04,79
218,2023-05,93
218,2023-06,110
218,2023-07,121
218,2023-08,141
218,2023-09,190
218,2023-10,191
218,2023-11,164
218,2023-12,178
218,2024-01,126
218,2024-02,96
218,2024-03,79
218,2024-04,99
218,2024-05,115
218,2024-06,111
218,2024-07,126
218,2024-08,137
218,2024-09,192
218,2024-10,143
218,2024-11,150
218,2024-12,169
218,2025-01,120
218,2025-02,106
218,2025-03,85
218,2025-04,76
218,2025-05,95
218,2025-06,88
218,2025-07,135
218,2025-08,171
218,2025-09,162
218,2025-10,162
218,2025-11,156
218,2025-12,124
219,2023-01,78
219,2023-02,91
219,2023-03,101
219,2023-04,91
219,2023-05,66
219,2023-06,63
219,2023-07,47
219,2023-08,46
219,2023-09,40
219,2023-10,55
219,2023-11,70
219,2023-12,105
219,2024-01,107
219,2024-02,103
219,2024-03,93
219,2024-04,76
219,2024-05,87
219,2024-06,47
219,2024-07,59
219,2024-08,49
219,2024-09,63
219,2024-10,64
219,2024-11,73
219,2024-12,88
219,2025-01,104
219,2025-02,113
219,2025-03,100
219,2025-04,103
219,2025-05,77
219,2025-06,61
219,2025-07,52
219,2025-08,43
219,2025-09,53
219,2025-10,60
219,2025-11,73
219,2025-12,84
220,2023-01,38
220,2023-02,32
220,2023-03,42
220,2023-04,45
220,2023-05,70
220,2023-06,69
220,2023-07,90
220,2023-08,91
220,2023-09,74
220,2023-10,63
220,2023-11,60
220,2023-12,45
220,2024-01,36
220,2024-02,38
220,2024-03,44
220,2024-04,47
220,2024-05,63
220,2024-06,71
220,2024-07,76
220,2024-08,72
220,2024-09,81
220,2024-10,71
220,2024-11,61
220,2024-12,41
220,2025-01,40
220,2025-02,40
220,2025-03,36
220,2025-04,46
220,2025-05,51
220,2025-06,65
220,2025-07,62
220,2025-08,72
220,2025-09,71
220,2025-10,63
220,2025-11,57
220,2025-12,54
221,2023-01,92
221,2023-02,60
221,2023-03,53
221,2023-04,46
221,2023-05,36
221,2023-06,52
221,2023-07,66
221,2023-08,74
221,2023-09,91
221,2023-10,86
221,2023-11,99
221,2023-12,82
221,2024-01,75
221,2024-02,62
221,2024-03,71
221,2024-04,51
221,2024-05,41
221,2024-06,48
221,2024-07,58
221,2024-08,90
221,2024-09,67
221,2024-10,107
221,2024-11,106
221,2024-12,107
221,2025-01,83
221,2025-02,92
221,2025-03,59
221,2025-04,53
221,2025-05,53
221,2025-06,53
221,2025-07,72
221,2025-08,71
221,2025-09,106
221,2025-10,99
221,2025-11,108
221,2025-12,96
222,2023-01,731
222,2023-02,657
222,2023-03,745
222,2023-04,544
222,2023-05,374
222,2023-06,430
222,2023-07,390
222,2023-08,353
222,2023-09,500
222,2023-10,742
222,2023-11,676
222,2023-12,847
222,2024-01,625
222,2024-02,810
222,2024-03,855
222,2024-04,664
222,2024-05,387
222,2024-06,488
222,2024-07,327
222,2024-08,444
222,2024-09,517
222,2024-10,634
222,2024-11,722
222,2024-12,900
222,2025-01,848
222,2025-02,840
222,2025-03,743
222,2025-04,657
222,2025-05,562
222,2025-06,379
222,2025-07,487
222,2025-08,447
222,2025-09,537
222,2025-10,796
222,2025-11,681
222,2025-12,873
223,2023-01,86
223,2023-02,80
223,2023-03,57
223,2023-04,61
223,2023-05,63
223,2023-06,74
223,2023-07,101
223,2023-08,107
223,2023-09,114
223,2023-10,138
223,2023-11,126
223,2023-12,101
223,2024-01,90
223,2024-02,85
223,2024-03,46
223,2024-04,49
223,2024-05,56
223,2024-06,61
223,2024-07,72
223,2024-08,97
223,2024-09,113
223,2024-10,96
223,2024-11,101
223,2024-12,84
223,2025-01,87
223,2025-02,68
223,2025-03,56
223,2025-04,48
223,2025-05,51
223,2025-06,65
223,2025-07,58
223,2025-08,75
223,2025-09,106
223,2025-10,88
223,2025-11,85
223,2025-12,77
224,2023-01,304
224,2023-02,275
224,2023-03,233
224,2023-04,144
224,2023-05,127
224,2023-06,120
224,2023-07,156
224,2023-08,200
224,2023-09,171
224,2023-10,263
224,2023-11,285
224,2023-12,233
224,2024-01,281
224,2024-02,271
224,2024-03,218
224,2024-04,146
224,2024-05,158
224,2024-06,129
224,2024-07,173
224,2024-08,137
224,2024-09,216
224,2024-10,226
224,2024-11,222
224,2024-12,274
224,2025-01,255
224,2025-02,218
224,2025-03,159
224,2025-04,124
224,2025-05,135
224,2025-06,118
224,2025-07,109
224,2025-08,121
224,2025-09,180
224,2025-10,178
224,2025-11,152
224,2025-12,149
225,2023-01,24
225,2023-02,36
225,2023-03,58
225,2023-04,55
225,2023-05,91
225,2023-06,90
225,2023-07,84
225,2023-08,74
225,2023-09,71
225,2023-10,44
225,2023-11,47
225,2023-12,49
225,2024-01,35
225,2024-02,45
225,2024-03,53
225,2024-04,57
225,2024-05,70
225,2024-06,69
225,2024-07,62
225,2024-08,70
225,2024-09,68
225,2024-10,50
225,2024-11,44
225,2024-12,35
225,2025-01,38
225,2025-02,37
225,2025-03,45
225,2025-04,51
225,2025-05,64
225,2025-06,64
225,2025-07,70
225,2025-08,69
225,2025-09,51
225,2025-10,48
225,2025-11,34
225,2025-12,33
226,2023-01,83
226,2023-02,64
226,2023-03,58
226,2023-04,57
226,2023-05,54
226,2023-06,62
226,2023-07,105
226,2023-08,138
226,2023-09,120
226,2023-10,112
226,2023-11,135
226,2023-12,113
226,2024-01,90
226,2024-02,77
226,2024-03,66
226,2024-04,75
226,2024-05,80
226,2024-06,85
226,2024-07,116
226,2024-08,147
226,2024-09,138
226,2024-10,125
226,2024-11,156
226,2024-12,160
226,2025-01,113
226,2025-02,105
226,2025-03,75
226,2025-04,72
226,2025-05,91
226,2025-06,113
226,2025-07,119
226,2025-08,121
226,2025-09,135
226,2025-10,150
226,2025-11,152
226,2025-12,143
227,2023-01,376
227,2023-02,335
227,2023-03,309
227,2023-04,305
227,2023-05,239
227,2023-06,198
227,2023-07,184
227,2023-08,214
227,2023-09,176
227,2023-10,202
227,2023-11,264
227,2023-12,335
227,2024-01,346
227,2024-02,343
227,2024-03,318
227,2024-04,320
227,2024-05,277
227,2024-06,168
227,2024-07,146
227,2024-08,200
227,2024-09,195
227,2024-10,208
227,2024-11,292
227,2024-12,331
227,2025-01,258
227,2025-02,322
227,2025-03,366
227,2025-04,355
227,2025-05,295
227,2025-06,189
227,2025-07,190
227,2025-08,195
227,2025-09,191
227,2025-10,251
227,2025-11,252
227,2025-12,384
228,2023-01,157
228,2023-02,159
228,2023-03,121
228,2023-04,179
228,2023-05,218
228,2023-06,274
228,2023-07,321
228,2023-08,268
228,2023-09,265
228,2023-10,234
228,2023-11,219
228,2023-12,186
228,2024-01,157
228,2024-02,126
228,2024-03,152
228,2024-04,154
228,2024-05,182
228,2024-06,288
228,2024-07,192
228,2024-08,263
228,2024-09,276
228,2024-10,204
228,2024-11,204
228,2024-12,171
228,2025-01,146
228,2025-02,146
228,2025-03,157
228,2025-04,175
228,2025-05,175
228,2025-06,218
228,2025-07,313
228,2025-08,264
228,2025-09,356
228,2025-10,250
228,2025-11,198
228,2025-12,154
229,2023-01,73
229,2023-02,57
229,2023-03,51
229,2023-04,37
229,2023-05,33
229,2023-06,34
229,2023-07,56
229,2023-08,61
229,2023-09,98
229,2023-10,78
229,2023-11,76
229,2023-12,80
229,2024-01,78
229,2024-02,62
229,2024-03,60
229,2024-04,33
229,2024-05,39
229,2024-06,42
229,2024-07,52
229,2024-08,64
229,2024-09,59
229,2024-10,99
229,2024-11,86
229,2024-12,86
229,2025-01,60
229,2025-02,65
229,2025-03,55
229,2025-04,46
229,2025-05,41
229,2025-06,41
229,2025-07,61
229,2025-08,70
229,2025-09,94
229,2025-10,84
229,2025-11,86
229,2025-12,98
230,2023-01,175
230,2023-02,190
230,2023-03,146
230,2023-04,167
230,2023-05,133
230,2023-06,79
230,2023-07,84
230,2023-08,95
230,2023-09,104
230,2023-10,127
230,2023-11,155
230,2023-12,178
230,2024-01,195
230,2024-02,125
230,2024-03,160
230,2024-04,111
230,2024-05,97
230,2024-06,97
230,2024-07,75
230,2024-08,72
230,2024-09,118
230,2024-10,105
230,2024-11,141
230,2024-12,140
230,2025-01,176
230,2025-02,170
230,2025-03,136
230,2025-04,122
230,2025-05,90
230,2025-06,76
230,2025-07,79
230,2025-08,73
230,2025-09,94
230,2025-10,93
230,2025-11,128
230,2025-12,123
231,2023-01,41
231,2023-02,35
231,2023-03,26
231,2023-04,29
231,2023-05,32
231,2023-06,34
231,2023-07,52
231,2023-08,62
231,2023-09,69
231,2023-10,64
231,2023-11,77
231,2023-12,65
231,2024-01,58
231,2024-02,44
231,2024-03,31
231,2024-04,36
231,2024-05,43
231,2024-06,34
231,2024-07,49
231,2024-08,83
231,2024-09,67
231,2024-10,58
231,2024-11,72
231,2024-12,67
231,2025-01,61
231,2025-02,56
231,2025-03,39
231,2025-04,44
231,2025-05,55
231,2025-06,50
231,2025-07,62
231,2025-08,80
231,2025-09,96
231,2025-10,88
231,2025-11,92
231,2025-12,97
232,2023-01,158
232,2023-02,150
232,2023-03,120
232,2023-04,109
232,2023-05,90
232,2023-06,81
232,2023-07,71
232,2023-08,86
232,2023-09,120
232,2023-10,117
232,2023-11,132
232,2023-12,134
232,2024-01,160
232,2024-02,141
232,2024-03,129
232,2024-04,102
232,2024-05,73
232,2024-06,59
232,2024-07,78
232,2024-08,94
232,2024-09,120
232,2024-10,139
232,2024-11,151
232,2024-12,143
232,2025-01,140
232,2025-02,140
232,2025-03,88
232,2025-04,91
232,2025-05,87
232,2025-06,98
232,2025-07,81
232,2025-08,98
232,2025-09,135
232,2025-10,181
232,2025-11,191
232,2025-12,164
233,2023-01,57
233,2023-02,68
233,2023-03,71
233,2023-04,83
233,2023-05,105
233,2023-06,100
233,2023-07,120
233,2023-08,113
233,2023-09,121
233,2023-10,83
233,2023-11,73
233,2023-12,73
233,2024-01,54
233,2024-02,75
233,2024-03,78
233,2024-04,89
233,2024-05,120
233,2024-06,123
233,2024-07,109
233,2024-08,146
233,2024-09,118
233,2024-10,100
233,2024-11,81
233,2024-12,69
233,2025-01,67
233,2025-02,76
233,2025-03,85
233,2025-04,95
233,2025-05,116
233,2025-06,107
233,2025-07,137
233,2025-08,144
233,2025-09,131
233,2025-10,97
233,2025-11,86
233,2025-12,71
234,2023-01,131
234,2023-02,107
234,2023-03,90
234,2023-04,75
234,2023-05,95
234,2023-06,127
234,2023-07,130
234,2023-08,150
234,2023-09,186
234,2023-10,172
234,2023-11,192
234,2023-12,138
234,2024-01,169
234,2024-02,135
234,2024-03,99
234,2024-04,73
234,2024-05,113
234,2024-06,122
234,2024-07,125
234,2024-08,134
234,2024-09,164
234,2024-10,220
234,2024-11,178
234,2024-12,138
234,2025-01,133
234,2025-02,107
234,2025-03,82
234,2025-04,79
234,2025-05,99
234,2025-06,142
234,2025-07,147
234,2025-08,144
234,2025-09,196
234,2025-10,196
234,2025-11,194
234,2025-12,145
235,2023-01,227
235,2023-02,241
235,2023-03,194
235,2023-04,185
235,2023-05,140
235,2023-06,133
235,2023-07,92
235,2023-08,88
235,2023-09,103
235,2023-10,114
235,2023-11,164
235,2023-12,157
235,2024-01,197
235,2024-02,173
235,2024-03,216
235,2024-04,214
235,2024-05,165
235,2024-06,119
235,2024-07,91
235,2024-08,81
235,2024-09,119
235,2024-10,119
235,2024-11,168
235,2024-12,180
235,2025-01,207
235,2025-02,238
235,2025-03,187
235,2025-04,171
235,2025-05,154
235,2025-06,102
235,2025-07,112
235,2025-08,104
235,2025-09,100
235,2025-10,102
235,2025-11,125
235,2025-12,163
236,2023-01,162
236,2023-02,116
236,2023-03,127
236,2023-04,120
236,2023-05,152
236,2023-06,165
236,2023-07,265
236,2023-08,265
236,2023-09,261
236,2023-10,255
236,2023-11,179
236,2023-12,148
236,2024-01,140
236,2024-02,102
236,2024-03,167
236,2024-04,162
236,2024-05,187
236,2024-06,182
236,2024-07,272
236,2024-08,265
236,2024-09,249
236,2024-10,213
236,2024-11,204
236,2024-12,158
236,2025-01,150
236,2025-02,128
236,2025-03,125
236,2025-04,172
236,2025-05,188
236,2025-06,220
236,2025-07,259
236,2025-08,262
236,2025-09,306
236,2025-10,202
236,2025-11,192
236,2025-12,158
237,2023-01,158
237,2023-02,144
237,2023-03,132
237,2023-04,113
237,2023-05,85
237,2023-06,86
237,2023-07,120
237,2023-08,136
237,2023-09,191
237,2023-10,208
237,2023-11,183
237,2023-12,245
237,2024-01,180
237,2024-02,154
237,2024-03,144
237,2024-04,85
237,2024-05,92
237,2024-06,107
237,2024-07,136
237,2024-08,184
237,2024-09,184
237,2024-10,242
237,2024-11,216
237,2024-12,172
237,2025-01,200
237,2025-02,183
237,2025-03,154
237,2025-04,155
237,2025-05,104
237,2025-06,138
237,2025-07,156
237,2025-08,187
237,2025-09,177
237,2025-10,273
237,2025-11,214
237,2025-12,265
238,2023-01,98
238,2023-02,116
238,2023-03,75
238,2023-04,78
238,2023-05,74
238,2023-06,61
238,2023-07,56
238,2023-08,53
238,2023-09,67
238,2023-10,104
238,2023-11,104
238,2023-12,106
238,2024-01,90
238,2024-02,89
238,2024-03,84
238,2024-04,77
238,2024-05,62
238,2024-06,57
238,2024-07,57
238,2024-08,51
238,2024-09,61
238,2024-10,74
238,2024-11,112
238,2024-12,97
238,2025-01,119
238,2025-02,103
238,2025-03,93
238,2025-04,82
238,2025-05,59
238,2025-06,50
238,2025-07,50
238,2025-08,47
238,2025-09,68
238,2025-10,64
238,2025-11,75
238,2025-12,91
239,2023-01,97
239,2023-02,71
239,2023-03,71
239,2023-04,54
239,2023-05,48
239,2023-06,88
239,2023-07,87
239,2023-08,110
239,2023-09,135
239,2023-10,125
239,2023-11,86
239,2023-12,118
239,2024-01,100
239,2024-02,85
239,2024-03,85
239,2024-04,66
239,2024-05,59
239,2024-06,90
239,2024-07,109
239,2024-08,148
239,2024-09,140
239,2024-10,166
239,2024-11,127
239,2024-12,135
239,2025-01,110
239,2025-02,102
239,2025-03,63
239,2025-04,79
239,2025-05,104
239,2025-06,92
239,2025-07,148
239,2025-08,120
239,2025-09,185
239,2025-10,183
239,2025-11,171
239,2025-12,152
240,2023-01,187
240,2023-02,128
240,2023-03,145
240,2023-04,102
240,2023-05,105
240,2023-06,77
240,2023-07,79
240,2023-08,115
240,2023-09,120
240,2023-10,158
240,2023-11,184
240,2023-12,192
240,2024-01,164
240,2024-02,164
240,2024-03,128
240,2024-04,117
240,2024-05,101
240,2024-06,93
240,2024-07,88
240,2024-08,110
240,2024-09,160
240,2024-10,140
240,2024-11,169
240,2024-12,206
240,2025-01,170
240,2025-02,155
240,2025-03,124
240,2025-04,125
240,2025-05,90
240,2025-06,73
240,2025-07,85
240,2025-08,128
240,2025-09,151
240,2025-10,182
240,2025-11,154
240,2025-12,192
241,2023-01,37
241,2023-02,47
241,2023-03,49
241,2023-04,73
241,2023-05,85
241,2023-06,99
241,2023-07,92
241,2023-08,99
241,2023-09,90
241,2023-10,77
241,2023-11,61
241,2023-12,49
241,2024-01,45
241,2024-02,50
241,2024-03,67
241,2024-04,92
241,2024-05,107
241,2024-06,85
241,2024-07,113
241,2024-08,119
241,2024-09,98
241,2024-10,81
241,2024-11,84
241,2024-12,45
241,2025-01,59
241,2025-02,45
241,2025-03,77
241,2025-04,90
241,2025-05,115
241,2025-06,112
241,2025-07,111
241,2025-08,130
241,2025-09,100
241,2025-10,92
241,2025-11,91
241,2025-12,61
242,2023-01,30
242,2023-02,26
242,2023-03,23
242,2023-04,21
242,2023-05,22
242,2023-06,35
242,2023-07,37
242,2023-08,41
242,2023-09,52
242,2023-10,43
242,2023-11,48
242,2023-12,42
242,2024-01,28
242,2024-02,30
242,2024-03,22
242,2024-04,23
242,2024-05,24
242,2024-06,26
242,2024-07,36
242,2024-08,33
242,2024-09,44
242,2024-10,39
242,2024-11,36
242,2024-12,37
242,2025-01,31
242,2025-02,26
242,2025-03,21
242,2025-04,18
242,2025-05,25
242,2025-06,24
242,2025-07,30
242,2025-08,35
242,2025-09,41
242,2025-10,44
242,2025-11,39
242,2025-12,31
243,2023-01,129
243,2023-02,116
243,2023-03,102
243,2023-04,105
243,2023-05,65
243,2023-06,71
243,2023-07,76
243,2023-08,56
243,2023-09,53
243,2023-10,76
243,2023-11,77
243,2023-12,100
243,2024-01,103
243,2024-02,110
243,2024-03,108
243,2024-04,104
243,2024-05,88
243,2024-06,60
243,2024-07,49
243,2024-08,46
243,2024-09,54
243,2024-10,55
243,2024-11,61
243,2024-12,84
243,2025-01,95
243,2025-02,70
243,2025-03,91
243,2025-04,75
243,2025-05,66
243,2025-06,52
243,2025-07,45
243,2025-08,33
243,2025-09,47
243,2025-10,60
243,2025-11,68
243,2025-12,63
244,2023-01,112
244,2023-02,115
244,2023-03,103
244,2023-04,126
244,2023-05,170
244,2023-06,200
244,2023-07,169
244,2023-08,198
244,2023-09,232
244,2023-10,188
244,2023-11,99
244,2023-12,125
244,2024-01,98
244,2024-02,92
244,2024-03,101
244,2024-04,109
244,2024-05,131
244,2024-06,129
244,2024-07,159
244,2024-08,193
244,2024-09,180
244,2024-10,143
244,2024-11,134
244,2024-12,119
244,2025-01,86
244,2025-02,92
244,2025-03,83
244,2025-04,90
244,2025-05,148
244,2025-06,155
244,2025-07,149
244,2025-08,159
244,2025-09,146
244,2025-10,136
244,2025-11,121
244,2025-12,73
245,2023-01,42
245,2023-02,45
245,2023-03,38
245,2023-04,27
245,2023-05,29
245,2023-06,30
245,2023-07,28
245,2023-08,42
245,2023-09,54
245,2023-10,68
245,2023-11,61
245,2023-12,59
245,2024-01,53
245,2024-02,39
245,2024-03,37
245,2024-04,27
245,2024-05,32
245,2024-06,37
245,2024-07,43
245,2024-08,48
245,2024-09,58
245,2024-10,75
245,2024-11,60
245,2024-12,61
245,2025-01,68
245,2025-02,50
245,2025-03,47
245,2025-04,38
245,2025-05,35
245,2025-06,39
245,2025-07,55
245,2025-08,58
245,2025-09,73
245,2025-10,71
245,2025-11,83
245,2025-12,63
246,2023-01,215
246,2023-02,159
246,2023-03,122
246,2023-04,133
246,2023-05,116
246,2023-06,115
246,2023-07,79
246,2023-08,83
246,2023-09,125
246,2023-10,161
246,2023-11,225
246,2023-12,173
246,2024-01,183
246,2024-02,193
246,2024-03,150
246,2024-04,157
246,2024-05,103
246,2024-06,102
246,2024-07,101
246,2024-08,124
246,2024-09,127
246,2024-10,119
246,2024-11,176
246,2024-12,187
246,2025-01,169
246,2025-02,200
246,2025-03,183
246,2025-04,188
246,2025-05,126
246,2025-06,112
246,2025-07,80
246,2025-08,131
246,2025-09,128
246,2025-10,139
246,2025-11,239
246,2025-12,221
247,2023-01,89
247,2023-02,89
247,2023-03,75
247,2023-04,63
247,2023-05,69
247,2023-06,95
247,2023-07,104
247,2023-08,140
247,2023-09,120
247,2023-10,198
247,2023-11,137
247,2023-12,142
247,2024-01,119
247,2024-02,106
247,2024-03,88
247,2024-04,68
247,2024-05,87
247,2024-06,94
247,2024-07,132
247,2024-08,143
247,2024-09,149
247,2024-10,145
247,2024-11,160
247,2024-12,157
247,2025-01,127
247,2025-02,120
247,2025-03,95
247,2025-04,92
247,2025-05,90
247,2025-06,141
247,2025-07,147
247,2025-08,160
247,2025-09,190
247,2025-10,176
247,2025-11,179
247,2025-12,161
248,2023-01,204
248,2023-02,175
248,2023-03,140
248,2023-04,133
248,2023-05,112
248,2023-06,110
248,2023-07,103
248,2023-08,140
248,2023-09,169
248,2023-10,189
248,2023-11,225
248,2023-12,254
248,2024-01,236
248,2024-02,183
248,2024-03,192
248,2024-04,153
248,2024-05,125
248,2024-06,113
248,2024-07,114
248,2024-08,134
248,2024-09,191
248,2024-10,233
248,2024-11,275
248,2024-12,317
248,2025-01,237
248,2025-02,240
248,2025-03,177
248,2025-04,171
248,2025-05,153
248,2025-06,132
248,2025-07,139
248,2025-08,189
248,2025-09,252
248,2025-10,219
248,2025-11,292
248,2025-12,304
249,2023-01,76
249,2023-02,64
249,2023-03,87
249,2023-04,119
249,2023-05,124
249,2023-06,147
249,2023-07,136
249,2023-08,109
249,2023-09,89
249,2023-10,119
249,2023-11,89
249,2023-12,76
249,2024-01,83
249,2024-02,70
249,2024-03,70
249,2024-04,101
249,2024-05,134
249,2024-06,128
249,2024-07,163
249,2024-08,100
249,2024-09,123
249,2024-10,79
249,2024-11,79
249,2024-12,80
249,2025-01,62
249,2025-02,80
249,2025-03,105
249,2025-04,103
249,2025-05,90
249,2025-06,143
249,2025-07,137
249,2025-08,112
249,2025-09,110
249,2025-10,92
249,2025-11,76
249,2025-12,79
250,2023-01,62
250,2023-02,52
250,2023-03,49
250,2023-04,38
250,2023-05,51
250,2023-06,49
250,2023-07,66
250,2023-08,94
250,2023-09,71
250,2023-10,85
250,2023-11,83
250,2023-12,85
250,2024-01,70
250,2024-02,44
250,2024-03,48
250,2024-04,34
250,2024-05,36
250,2024-06,58
250,2024-07,66
250,2024-08,71
250,2024-09,99
250,2024-10,80
250,2024-11,66
250,2024-12,84
250,2025-01,62
250,2025-02,43
250,2025-03,37
250,2025-04,39
250,2025-05,40
250,2025-06,49
250,2025-07,61
250,2025-08,71
250,2025-09,101
250,2025-10,77
250,2025-11,93
250,2025-12,69
251,2023-01,196
251,2023-02,215
251,2023-03,225
251,2023-04,173
251,2023-05,196
251,2023-06,151
251,2023-07,132
251,2023-08,102
251,2023-09,132
251,2023-10,132
251,2023-11,154
251,2023-12,198
251,2024-01,260
251,2024-02,290
251,2024-03,244
251,2024-04,196
251,2024-05,184
251,2024-06,146
251,2024-07,143
251,2024-08,123
251,2024-09,145
251,2024-10,163
251,2024-11,184
251,2024-12,234
251,2025-01,281
251,2025-02,263
251,2025-03,326
251,2025-04,242
251,2025-05,260
251,2025-06,217
251,2025-07,195
251,2025-08,131
251,2025-09,157
251,2025-10,211
251,2025-11,267
251,2025-12,306
252,2023-01,149
252,2023-02,124
252,2023-03,151
252,2023-04,145
252,2023-05,195
252,2023-06,237
252,2023-07,277
252,2023-08,272
252,2023-09,313
252,2023-10,271
252,2023-11,241
252,2023-12,209
252,2024-01,132
252,2024-02,154
252,2024-03,133
252,2024-04,259
252,2024-05,201
252,2024-06,257
252,2024-07,369
252,2024-08,354
252,2024-09,348
252,2024-10,268
252,2024-11,270
252,2024-12,232
252,2025-01,205
252,2025-02,202
252,2025-03,212
252,2025-04,267
252,2025-05,279
252,2025-06,382
252,2025-07,377
252,2025-08,361
252,2025-09,326
252,2025-10,413
252,2025-11,344
252,2025-12,265
253,2023-01,97
253,2023-02,80
253,2023-03,75
253,2023-04,56
253,2023-05,54
253,2023-06,61
253,2023-07,76
253,2023-08,86
253,2023-09,95
253,2023-10,105
253,2023-11,116
253,2023-12,107
253,2024-01,106
253,2024-02,85
253,2024-03,63
253,2024-04,57
253,2024-05,44
253,2024-06,61
253,2024-07,61
253,2024-08,76
253,2024-09,73
253,2024-10,115
253,2024-11,100
253,2024-12,86
253,2025-01,81
253,2025-02,66
253,2025-03,54
253,2025-04,39
253,2025-05,42
253,2025-06,52
253,2025-07,64
253,2025-08,67
253,2025-09,81
253,2025-10,83
253,2025-11,91
253,2025-12,73
254,2023-01,139
254,2023-02,123
254,2023-03,149
254,2023-04,113
254,2023-05,88
254,2023-06,83
254,2023-07,74
254,2023-08,80
254,2023-09,101
254,2023-10,86
254,2023-11,102
254,2023-12,139
254,2024-01,160
254,2024-02,156
254,2024-03,105
254,2024-04,101
254,2024-05,54
254,2024-06,63
254,2024-07,53
254,2024-08,66
254,2024-09,87
254,2024-10,98
254,2024-11,109
254,2024-12,140
254,2025-01,114
254,2025-02,138
254,2025-03,120
254,2025-04,89
254,2025-05,64
254,2025-06,73
254,2025-07,50
254,2025-08,75
254,2025-09,67
254,2025-10,99
254,2025-11,96
254,2025-12,136
255,2023-01,64
255,2023-02,41
255,2023-03,39
255,2023-04,39
255,2023-05,37
255,2023-06,42
255,2023-07,45
255,2023-08,59
255,2023-09,81
255,2023-10,49
255,2023-11,58
255,2023-12,67
255,2024-01,49
255,2024-02,46
255,2024-03,34
255,2024-04,35
255,2024-05,38
255,2024-06,52
255,2024-07,48
255,2024-08,66
255,2024-09,84
255,2024-10,66
255,2024-11,75
255,2024-12,73
255,2025-01,53
255,2025-02,53
255,2025-03,38
255,2025-04,32
255,2025-05,36
255,2025-06,53
255,2025-07,59
255,2025-08,70
255,2025-09,72
255,2025-10,67
255,2025-11,72
255,2025-12,69
256,2023-01,71
256,2023-02,59
256,2023-03,51
256,2023-04,44
256,2023-05,33
256,2023-06,37
256,2023-07,39
256,2023-08,46
256,2023-09,55
256,2023-10,72
256,2023-11,68
256,2023-12,59
256,2024-01,70
256,2024-02,73
256,2024-03,42
256,2024-04,31
256,2024-05,29
256,2024-06,33
256,2024-07,34
256,2024-08,42
256,2024-09,50
256,2024-10,58
256,2024-11,67
256,2024-12,63
256,2025-01,66
256,2025-02,46
256,2025-03,51
256,2025-04,37
256,2025-05,32
256,2025-06,27
256,2025-07,27
256,2025-08,38
256,2025-09,37
256,2025-10,49
256,2025-11,57
256,2025-12,56
257,2023-01,82
257,2023-02,71
257,2023-03,106
257,2023-04,102
257,2023-05,137
257,2023-06,114
257,2023-07,179
257,2023-08,158
257,2023-09,146
257,2023-10,127
257,2023-11,92
257,2023-12,72
257,2024-01,64
257,2024-02,83
257,2024-03,90
257,2024-04,118
257,2024-05,145
257,2024-06,145
257,2024-07,166
257,2024-08,160
257,2024-09,157
257,2024-10,114
257,2024-11,111
257,2024-12,80
257,2025-01,84
257,2025-02,98
257,2025-03,112
257,2025-04,161
257,2025-05,171
257,2025-06,139
257,2025-07,188
257,2025-08,162
257,2025-09,166
257,2025-10,127
257,2025-11,94
257,2025-12,105
258,2023-01,135
258,2023-02,115
258,2023-03,124
258,2023-04,86
258,2023-05,103
258,2023-06,98
258,2023-07,155
258,2023-08,165
258,2023-09,172
258,2023-10,221
258,2023-11,156
258,2023-12,150
258,2024-01,133
258,2024-02,112
258,2024-03,100
258,2024-04,99
258,2024-05,107
258,2024-06,145
258,2024-07,111
258,2024-08,177
258,2024-09,201
258,2024-10,221
258,2024-11,210
258,2024-12,152
258,2025-01,163
258,2025-02,110
258,2025-03,93
258,2025-04,88
258,2025-05,108
258,2025-06,110
258,2025-07,167
258,2025-08,152
258,2025-09,155
258,2025-10,172
258,2025-11,165
258,2025-12,170
259,2023-01,71
259,2023-02,80
259,2023-03,63
259,2023-04,65
259,2023-05,48
259,2023-06,35
259,2023-07,36
259,2023-08,42
259,2023-09,45
259,2023-10,44
259,2023-11,52
259,2023-12,72
259,2024-01,75
259,2024-02,92
259,2024-03,74
259,2024-04,70
259,2024-05,54
259,2024-06,51
259,2024-07,41
259,2024-08,40
259,2024-09,39
259,2024-10,49
259,2024-11,62
259,2024-12,72
259,2025-01,87
259,2025-02,84
259,2025-03,87
259,2025-04,78
259,2025-05,75
259,2025-06,53
259,2025-07,45
259,2025-08,42
259,2025-09,46
259,2025-10,49
259,2025-11,68
259,2025-12,70
260,2023-01,69
260,2023-02,66
260,2023-03,64
260,2023-04,82
260,2023-05,105
260,2023-06,103
260,2023-07,119
260,2023-08,144
260,2023-09,128
260,2023-10,101
260,2023-11,95
260,2023-12,75
260,2024-01,70
260,2024-02,51
260,2024-03,62
260,2024-04,76
260,2024-05,80
260,2024-06,106
260,2024-07,110
260,2024-08,125
260,2024-09,115
260,2024-10,104
260,2024-11,98
260,2024-12,71
260,2025-01,49
260,2025-02,59
260,2025-03,65
260,2025-04,75
260,2025-05,77
260,2025-06,100
260,2025-07,112
260,2025-08,101
260,2025-09,124
260,2025-10,86
260,2025-11,88
260,2025-12,54
261,2023-01,113
261,2023-02,112
261,2023-03,46
261,2023-04,64
261,2023-05,57
261,2023-06,60
261,2023-07,66
261,2023-08,91
261,2023-09,92
261,2023-10,143
261,2023-11,120
261,2023-12,127
261,2024-01,116
261,2024-02,98
261,2024-03,69
261,2024-04,70
261,2024-05,51
261,2024-06,60
261,2024-07,61
261,2024-08,74
261,2024-09,95
261,2024-10,101
261,2024-11,118
261,2024-12,105
261,2025-01,110
261,2025-02,93
261,2025-03,65
261,2025-04,56
261,2025-05,52
261,2025-06,58
261,2025-07,71
261,2025-08,79
261,2025-09,85
261,2025-10,108
261,2025-11,116
261,2025-12,79
262,2023-01,554
262,2023-02,462
262,2023-03,536
262,2023-04,410
262,2023-05,306
262,2023-06,301
262,2023-07,250
262,2023-08,318
262,2023-09,360
262,2023-10,335
262,2023-11,537
262,2023-12,527
262,2024-01,476
262,2024-02,521
262,2024-03,432
262,2024-04,360
262,2024-05,296
262,2024-06,247
262,2024-07,282
262,2024-08,244
262,2024-09,368
262,2024-10,337
262,2024-11,395
262,2024-12,596
262,2025-01,466
262,2025-02,534
262,2025-03,416
262,2025-04,355
262,2025-05,277
262,2025-06,264
262,2025-07,269
262,2025-08,214
262,2025-09,309
262,2025-10,307
262,2025-11,355
262,2025-12,490
263,2023-01,61
263,2023-02,59
263,2023-03,44
263,2023-04,38
263,2023-05,47
263,2023-06,40
263,2023-07,52
263,2023-08,61
263,2023-09,91
263,2023-10,71
263,2023-11,64
263,2023-12,73
263,2024-01,42
263,2024-02,60
263,2024-03,35
263,2024-04,36
263,2024-05,45
263,2024-06,42
263,2024-07,60
263,2024-08,48
263,2024-09,66
263,2024-10,90
263,2024-11,69
263,2024-12,56
263,2025-01,59
263,2025-02,48
263,2025-03,33
263,2025-04,39
263,2025-05,39
263,2025-06,44
263,2025-07,47
263,2025-08,59
263,2025-09,71
263,2025-10,73
263,2025-11,77
263,2025-12,57
264,2023-01,150
264,2023-02,137
264,2023-03,136
264,2023-04,102
264,2023-05,101
264,2023-06,95
264,2023-07,104
264,2023-08,84
264,2023-09,148
264,2023-10,129
264,2023-11,148
264,2023-12,176
264,2024-01,162
264,2024-02,166
264,2024-03,138
264,2024-04,107
264,2024-05,105
264,2024-06,98
264,2024-07,79
264,2024-08,125
264,2024-09,130
264,2024-10,228
264,2024-11,220
264,2024-12,159
264,2025-01,204
264,2025-02,215
264,2025-03,151
264,2025-04,136
264,2025-05,116
264,2025-06,109
264,2025-07,124
264,2025-08,121
264,2025-09,160
264,2025-10,186
264,2025-11,222
264,2025-12,220
265,2023-01,80
265,2023-02,109
265,2023-03,128
265,2023-04,138
265,2023-05,189
265,2023-06,173
265,2023-07,212
265,2023-08,246
265,2023-09,185
265,2023-10,159
265,2023-11,123
265,2023-12,88
265,2024-01,79
265,2024-02,96
265,2024-03,108
265,2024-04,140
265,2024-05,172
265,2024-06,266
265,2024-07,203
265,2024-08,201
265,2024-09,204
265,2024-10,150
265,2024-11,122
265,2024-12,92
265,2025-01,109
265,2025-02,146
265,2025-03,127
265,2025-04,109
265,2025-05,208
265,2025-06,166
265,2025-07,264
265,2025-08,168
265,2025-09,194
265,2025-10,159
265,2025-11,127
265,2025-12,119
266,2023-01,59
266,2023-02,59
266,2023-03,55
266,2023-04,42
266,2023-05,44
266,2023-06,60
266,2023-07,66
266,2023-08,67
266,2023-09,102
266,2023-10,90
266,2023-11,67
266,2023-12,67
266,2024-01,74
266,2024-02,53
266,2024-03,44
266,2024-04,37
266,2024-05,43
266,2024-06,57
266,2024-07,73
266,2024-08,84
266,2024-09,105
266,2024-10,102
266,2024-11,105
266,2024-12,87
266,2025-01,67
266,2025-02,51
266,2025-03,55
266,2025-04,49
266,2025-05,53
266,2025-06,64
266,2025-07,84
266,2025-08,75
266,2025-09,86
266,2025-10,113
266,2025-11,59
266,2025-12,100
267,2023-01,190
267,2023-02,221
267,2023-03,212
267,2023-04,230
267,2023-05,188
267,2023-06,145
267,2023-07,121
267,2023-08,126
267,2023-09,133
267,2023-10,138
267,2023-11,174
267,2023-12,190
267,2024-01,257
267,2024-02,236
267,2024-03,230
267,2024-04,220
267,2024-05,199
267,2024-06,212
267,2024-07,177
267,2024-08,131
267,2024-09,149
267,2024-10,214
267,2024-11,231
267,2024-12,293
267,2025-01,318
267,2025-02,317
267,2025-03,254
267,2025-04,239
267,2025-05,265
267,2025-06,217
267,2025-07,177
267,2025-08,142
267,2025-09,175
267,2025-10,169
267,2025-11,215
267,2025-12,344
268,2023-01,49
268,2023-02,50
268,2023-03,53
268,2023-04,67
268,2023-05,69
268,2023-06,64
268,2023-07,94
268,2023-08,120
268,2023-09,89
268,2023-10,67
268,2023-11,77
268,2023-12,61
268,2024-01,44
268,2024-02,44
268,2024-03,43
268,2024-04,66
268,2024-05,63
268,2024-06,76
268,2024-07,64
268,2024-08,99
268,2024-09,77
268,2024-10,72
268,2024-11,71
268,2024-12,52
268,2025-01,37
268,2025-02,34
268,2025-03,43
268,2025-04,54
268,2025-05,70
268,2025-06,89
268,2025-07,68
268,2025-08,102
268,2025-09,89
268,2025-10,64
268,2025-11,65
268,2025-12,48
269,2023-01,121
269,2023-02,96
269,2023-03,55
269,2023-04,59
269,2023-05,68
269,2023-06,59
269,2023-07,57
269,2023-08,75
269,2023-09,84
269,2023-10,121
269,2023-11,149
269,2023-12,108
269,2024-01,111
269,2024-02,95
269,2024-03,78
269,2024-04,75
269,2024-05,46
269,2024-06,75
269,2024-07,62
269,2024-08,83
269,2024-09,123
269,2024-10,137
269,2024-11,158
269,2024-12,150
269,2025-01,104
269,2025-02,85
269,2025-03,90
269,2025-04,72
269,2025-05,73
269,2025-06,75
269,2025-07,90
269,2025-08,114
269,2025-09,128
269,2025-10,151
269,2025-11,146
269,2025-12,131
270,2023-01,205
270,2023-02,198
270,2023-03,162
270,2023-04,168
270,2023-05,139
270,2023-06,119
270,2023-07,93
270,2023-08,110
270,2023-09,117
270,2023-10,152
270,2023-11,137
270,2023-12,175
270,2024-01,177
270,2024-02,136
270,2024-03,200
270,2024-04,148
270,2024-05,112
270,2024-06,104
270,2024-07,98
270,2024-08,112
270,2024-09,135
270,2024-10,148
270,2024-11,217
270,2024-12,197
270,2025-01,150
270,2025-02,129
270,2025-03,145
270,2025-04,139
270,2025-05,128
270,2025-06,101
270,2025-07,111
270,2025-08,112
270,2025-09,152
270,2025-10,135
270,2025-11,201
270,2025-12,232
271,2023-01,65
271,2023-02,53
271,2023-03,55
271,2023-04,39
271,2023-05,54
271,2023-06,66
271,2023-07,77
271,2023-08,83
271,2023-09,82
271,2023-10,92
271,2023-11,100
271,2023-12,85
271,2024-01,87
271,2024-02,66
271,2024-03,51
271,2024-04,62
271,2024-05,54
271,2024-06,74
271,2024-07,77
271,2024-08,112
271,2024-09,105
271,2024-10,128
271,2024-11,107
271,2024-12,99
271,2025-01,94
271,2025-02,102
271,2025-03,67
271,2025-04,68
271,2025-05,78
271,2025-06,74
271,2025-07,95
271,2025-08,107
271,2025-09,146
271,2025-10,140
271,2025-11,153
271,2025-12,141
272,2023-01,111
272,2023-02,110
272,2023-03,95
272,2023-04,104
272,2023-05,78
272,2023-06,64
272,2023-07,70
272,2023-08,78
272,2023-09,95
272,2023-10,138
272,2023-11,138
272,2023-12,161
272,2024-01,139
272,2024-02,142
272,2024-03,116
272,2024-04,96
272,2024-05,84
272,2024-06,71
272,2024-07,83
272,2024-08,102
272,2024-09,123
272,2024-10,143
272,2024-11,149
272,2024-12,159
272,2025-01,156
272,2025-02,159
272,2025-03,126
272,2025-04,102
272,2025-05,79
272,2025-06,85
272,2025-07,94
272,2025-08,88
272,2025-09,121
272,2025-10,115
272,2025-11,193
272,2025-12,187
273,2023-01,28
273,2023-02,31
273,2023-03,38
273,2023-04,48
273,2023-05,58
273,2023-06,60
273,2023-07,62
273,2023-08,60
273,2023-09,60
273,2023-10,47
273,2023-11,41
273,2023-12,34
273,2024-01,34
273,2024-02,39
273,2024-03,48
273,2024-04,53
273,2024-05,64
273,2024-06,71
273,2024-07,77
273,2024-08,51
273,2024-09,58
273,2024-10,55
273,2024-11,33
273,2024-12,30
273,2025-01,38
273,2025-02,36
273,2025-03,35
273,2025-04,59
273,2025-05,63
273,2025-06,62
273,2025-07,84
273,2025-08,64
273,2025-09,66
273,2025-10,55
273,2025-11,43
273,2025-12,40
274,2023-01,134
274,2023-02,93
274,2023-03,88
274,2023-04,100
274,2023-05,101
274,2023-06,108
274,2023-07,134
274,2023-08,142
274,2023-09,132
274,2023-10,173
274,2023-11,161
274,2023-12,141
274,2024-01,163
274,2024-02,115
274,2024-03,95
274,2024-04,103
274,2024-05,63
274,2024-06,112
274,2024-07,147
274,2024-08,178
274,2024-09,137
274,2024-10,153
274,2024-11,187
274,2024-12,168
274,2025-01,184
274,2025-02,119
274,2025-03,119
274,2025-04,95
274,2025-05,122
274,2025-06,114
274,2025-07,169
274,2025-08,227
274,2025-09,223
274,2025-10,225
274,2025-11,230
274,2025-12,235
275,2023-01,232
275,2023-02,267
275,2023-03,279
275,2023-04,234
275,2023-05,201
275,2023-06,143
275,2023-07,110
275,2023-08,100
275,2023-09,132
275,2023-10,181
275,2023-11,209
275,2023-12,216
275,2024-01,298
275,2024-02,343
275,2024-03,258
275,2024-04,295
275,2024-05,252
275,2024-06,198
275,2024-07,165
275,2024-08,151
275,2024-09,184
275,2024-10,201
275,2024-11,240
275,2024-12,340
275,2025-01,323
275,2025-02,341
275,2025-03,311
275,2025-04,290
275,2025-05,213
275,2025-06,129
275,2025-07,151
275,2025-08,165
275,2025-09,222
275,2025-10,224
275,2025-11,262
275,2025-12,263
276,2023-01,123
276,2023-02,123
276,2023-03,122
276,2023-04,143
276,2023-05,163
276,2023-06,176
276,2023-07,187
276,2023-08,200
276,2023-09,202
276,2023-10,194
276,2023-11,183
276,2023-12,115
276,2024-01,116
276,2024-02,81
276,2024-03,98
276,2024-04,136
276,2024-05,131
276,2024-06,160
276,2024-07,177
276,2024-08,218
276,2024-09,191
276,2024-10,142
276,2024-11,166
276,2024-12,115
276,2025-01,86
276,2025-02,88
276,2025-03,97
276,2025-04,116
276,2025-05,146
276,2025-06,155
276,2025-07,186
276,2025-08,208
276,2025-09,176
276,2025-10,199
276,2025-11,132
276,2025-12,121
277,2023-01,94
277,2023-02,95
277,2023-03,77
277,2023-04,67
277,2023-05,72
277,2023-06,66
277,2023-07,61
277,2023-08,98
277,2023-09,127
277,2023-10,136
277,2023-11,128
277,2023-12,121
277,2024-01,98
277,2024-02,98
277,2024-03,95
277,2024-04,78
277,2024-05,54
277,2024-06,66
277,2024-07,110
277,2024-08,99
277,2024-09,135
277,2024-10,164
277,2024-11,124
277,2024-12,180
277,2025-01,157
277,2025-02,99
277,2025-03,114
277,2025-04,89
277,2025-05,77
277,2025-06,71
277,2025-07,102
277,2025-08,129
277,2025-09,124
277,2025-10,186
277,2025-11,179
277,2025-12,182
278,2023-01,141
278,2023-02,126
278,2023-03,157
278,2023-04,128
278,2023-05,94
278,2023-06,78
278,2023-07,74
278,2023-08,88
278,2023-09,118
278,2023-10,107
278,2023-11,185
278,2023-12,188
278,2024-01,169
278,2024-02,193
278,2024-03,162
278,2024-04,150
278,2024-05,82
278,2024-06,107
278,2024-07,76
278,2024-08,103
278,2024-09,89
278,2024-10,159
278,2024-11,164
278,2024-12,165
278,2025-01,199
278,2025-02,168
278,2025-03,171
278,2025-04,129
278,2025-05,133
278,2025-06,106
278,2025-07,122
278,2025-08,106
278,2025-09,131
278,2025-10,151
278,2025-11,155
278,2025-12,219
279,2023-01,88
279,2023-02,70
279,2023-03,48
279,2023-04,63
279,2023-05,45
279,2023-06,66
279,2023-07,86
279,2023-08,82
279,2023-09,98
279,2023-10,108
279,2023-11,120
279,2023-12,86
279,2024-01,92
279,2024-02,80
279,2024-03,63
279,2024-04,69
279,2024-05,54
279,2024-06,64
279,2024-07,92
279,2024-08,93
279,2024-09,104
279,2024-10,129
279,2024-11,111
279,2024-12,111
279,2025-01,81
279,2025-02,68
279,2025-03,60
279,2025-04,60
279,2025-05,66
279,2025-06,66
279,2025-07,96
279,2025-08,112
279,2025-09,99
279,2025-10,131
279,2025-11,119
279,2025-12,87
280,2023-01,196
280,2023-02,164
280,2023-03,179
280,2023-04,136
280,2023-05,107
280,2023-06,96
280,2023-07,127
280,2023-08,164
280,2023-09,232
280,2023-10,202
280,2023-11,226
280,2023-12,248
280,2024-01,232
280,2024-02,170
280,2024-03,185
280,2024-04,118
280,2024-05,156
280,2024-06,129
280,2024-07,126
280,2024-08,143
280,2024-09,193
280,2024-10,186
280,2024-11,288
280,2024-12,271
280,2025-01,302
280,2025-02,222
280,2025-03,205
280,2025-04,155
280,2025-05,150
280,2025-06,110
280,2025-07,147
280,2025-08,210
280,2025-09,151
280,2025-10,248
280,2025-11,336
280,2025-12,230
281,2023-01,118
281,2023-02,153
281,2023-03,163
281,2023-04,224
281,2023-05,271
281,2023-06,269
281,2023-07,225
281,2023-08,247
281,2023-09,222
281,2023-10,225
281,2023-11,169
281,2023-12,129
281,2024-01,118
281,2024-02,135
281,2024-03,154
281,2024-04,183
281,2024-05,238
281,2024-06,241
281,2024-07,267
281,2024-08,225
281,2024-09,205
281,2024-10,168
281,2024-11,136
281,2024-12,121
281,2025-01,95
281,2025-02,130
281,2025-03,112
281,2025-04,157
281,2025-05,157
281,2025-06,193
281,2025-07,219
281,2025-08,131
281,2025-09,138
281,2025-10,138
281,2025-11,121
281,2025-12,82
282,2023-01,123
282,2023-02,85
282,2023-03,89
282,2023-04,64
282,2023-05,81
282,2023-06,110
282,2023-07,113
282,2023-08,112
282,2023-09,144
282,2023-10,152
282,2023-11,145
282,2023-12,101
282,2024-01,135
282,2024-02,82
282,2024-03,72
282,2024-04,87
282,2024-05,71
282,2024-06,102
282,2024-07,119
282,2024-08,163
282,2024-09,143
282,2024-10,168
282,2024-11,184
282,2024-12,139
282,2025-01,127
282,2025-02,102
282,2025-03,101
282,2025-04,79
282,2025-05,103
282,2025-06,110
282,2025-07,115
282,2025-08,172
282,2025-09,167
282,2025-10,155
282,2025-11,137
282,2025-12,150
283,2023-01,280
283,2023-02,318
283,2023-03,255
283,2023-04,277
283,2023-05,251
283,2023-06,218
283,2023-07,212
283,2023-08,154
283,2023-09,143
283,2023-10,243
283,2023-11,264
283,2023-12,286
283,2024-01,252
283,2024-02,349
283,2024-03,338
283,2024-04,296
283,2024-05,274
283,2024-06,219
283,2024-07,156
283,2024-08,182
283,2024-09,177
283,2024-10,250
283,2024-11,266
283,2024-12,383
283,2025-01,355
283,2025-02,340
283,2025-03,342
283,2025-04,319
283,2025-05,338
283,2025-06,301
283,2025-07,190
283,2025-08,203
283,2025-09,200
283,2025-10,214
283,2025-11,373
283,2025-12,356
284,2023-01,97
284,2023-02,94
284,2023-03,103
284,2023-04,113
284,2023-05,126
284,2023-06,164
284,2023-07,179
284,2023-08,213
284,2023-09,194
284,2023-10,142
284,2023-11,135
284,2023-12,102
284,2024-01,103
284,2024-02,92
284,2024-03,107
284,2024-04,133
284,2024-05,181
284,2024-06,180
284,2024-07,213
284,2024-08,213
284,2024-09,200
284,2024-10,168
284,2024-11,130
284,2024-12,117
284,2025-01,112
284,2025-02,122
284,2025-03,115
284,2025-04,142
284,2025-05,192
284,2025-06,202
284,2025-07,235
284,2025-08,252
284,2025-09,239
284,2025-10,205
284,2025-11,148
284,2025-12,141
285,2023-01,50
285,2023-02,41
285,2023-03,31
285,2023-04,23
285,2023-05,23
285,2023-06,27
285,2023-07,31
285,2023-08,42
285,2023-09,51
285,2023-10,48
285,2023-11,48
285,2023-12,59
285,2024-01,48
285,2024-02,51
285,2024-03,31
285,2024-04,31
285,2024-05,25
285,2024-06,34
285,2024-07,35
285,2024-08,42
285,2024-09,48
285,2024-10,55
285,2024-11,55
285,2024-12,54
285,2025-01,50
285,2025-02,41
285,2025-03,31
285,2025-04,29
285,2025-05,25
285,2025-06,32
285,2025-07,43
285,2025-08,48
285,2025-09,47
285,2025-10,68
285,2025-11,61
285,2025-12,66
286,2023-01,207
286,2023-02,216
286,2023-03,140
286,2023-04,158
286,2023-05,138
286,2023-06,109
286,2023-07,98
286,2023-08,109
286,2023-09,147
286,2023-10,151
286,2023-11,170
286,2023-12,211
286,2024-01,168
286,2024-02,208
286,2024-03,152
286,2024-04,140
286,2024-05,107
286,2024-06,78
286,2024-07,97
286,2024-08,74
286,2024-09,117
286,2024-10,135
286,2024-11,133
286,2024-12,169
286,2025-01,177
286,2025-02,144
286,2025-03,147
286,2025-04,140
286,2025-05,106
286,2025-06,79
286,2025-07,91
286,2025-08,82
286,2025-09,120
286,2025-10,138
286,2025-11,128
286,2025-12,131
287,2023-01,33
287,2023-02,33
287,2023-03,28
287,2023-04,28
287,2023-05,25
287,2023-06,32
287,2023-07,36
287,2023-08,49
287,2023-09,52
287,2023-10,53
287,2023-11,53
287,2023-12,47
287,2024-01,43
287,2024-02,30
287,2024-03,28
287,2024-04,24
287,2024-05,29
287,2024-06,30
287,2024-07,39
287,2024-08,42
287,2024-09,54
287,2024-10,56
287,2024-11,49
287,2024-12,54
287,2025-01,49
287,2025-02,30
287,2025-03,36
287,2025-04,34
287,2025-05,27
287,2025-06,36
287,2025-07,50
287,2025-08,55
287,2025-09,58
287,2025-10,66
287,2025-11,57
287,2025-12,51
288,2023-01,451
288,2023-02,336
288,2023-03,317
288,2023-04,280
288,2023-05,280
288,2023-06,223
288,2023-07,225
288,2023-08,389
288,2023-09,370
288,2023-10,475
288,2023-11,414
288,2023-12,493
288,2024-01,528
288,2024-02,536
288,2024-03,391
288,2024-04,375
288,2024-05,263
288,2024-06,248
288,2024-07,330
288,2024-08,342
288,2024-09,349
288,2024-10,449
288,2024-11,589
288,2024-12,510
288,2025-01,583
288,2025-02,456
288,2025-03,427
288,2025-04,222
288,2025-05,323
288,2025-06,319
288,2025-07,231
288,2025-08,271
288,2025-09,391
288,2025-10,504
288,2025-11,520
288,2025-12,587
289,2023-01,33
289,2023-02,35
289,2023-03,51
289,2023-04,55
289,2023-05,52
289,2023-06,72
289,2023-07,66
289,2023-08,72
289,2023-09,73
289,2023-10,61
289,2023-11,41
289,2023-12,40
289,2024-01,38
289,2024-02,39
289,2024-03,48
289,2024-04,37
289,2024-05,59
289,2024-06,71
289,2024-07,67
289,2024-08,82
289,2024-09,53
289,2024-10,47
289,2024-11,33
289,2024-12,36
289,2025-01,38
289,2025-02,37
289,2025-03,40
289,2025-04,55
289,2025-05,88
289,2025-06,60
289,2025-07,56
289,2025-08,83
289,2025-09,67
289,2025-10,59
289,2025-11,44
289,2025-12,32
290,2023-01,141
290,2023-02,130
290,2023-03,99
290,2023-04,92
290,2023-05,81
290,2023-06,116
290,2023-07,117
290,2023-08,138
290,2023-09,191
290,2023-10,184
290,2023-11,174
290,2023-12,181
290,2024-01,145
290,2024-02,111
290,2024-03,115
290,2024-04,79
290,2024-05,94
290,2024-06,91
290,2024-07,156
290,2024-08,182
290,2024-09,171
290,2024-10,156
290,2024-11,198
290,2024-12,179
290,2025-01,170
290,2025-02,112
290,2025-03,114
290,2025-04,91
290,2025-05,90
290,2025-06,100
290,2025-07,150
290,2025-08,158
290,2025-09,192
290,2025-10,236
290,2025-11,188
290,2025-12,197
291,2023-01,177
291,2023-02,131
291,2023-03,150
291,2023-04,139
291,2023-05,123
291,2023-06,105
291,2023-07,89
291,2023-08,92
291,2023-09,63
291,2023-10,83
291,2023-11,112
291,2023-12,129
291,2024-01,155
291,2024-02,138
291,2024-03,155
291,2024-04,156
291,2024-05,112
291,2024-06,101
291,2024-07,60
291,2024-08,64
291,2024-09,61
291,2024-10,90
291,2024-11,97
291,2024-12,132
291,2025-01,128
291,2025-02,134
291,2025-03,94
291,2025-04,124
291,2025-05,118
291,2025-06,89
291,2025-07,80
291,2025-08,65
291,2025-09,67
291,2025-10,90
291,2025-11,103
291,2025-12,115
292,2023-01,57
292,2023-02,57
292,2023-03,74
292,2023-04,66
292,2023-05,96
292,2023-06,124
292,2023-07,130
292,2023-08,149
292,2023-09,145
292,2023-10,123
292,2023-11,108
292,2023-12,65
292,2024-01,61
292,2024-02,51
292,2024-03,70
292,2024-04,87
292,2024-05,87
292,2024-06,97
292,2024-07,133
292,2024-08,145
292,2024-09,120
292,2024-10,125
292,2024-11,102
292,2024-12,89
292,2025-01,73
292,2025-02,61
292,2025-03,57
292,2025-04,97
292,2025-05,102
292,2025-06,142
292,2025-07,133
292,2025-08,145
292,2025-09,126
292,2025-10,122
292,2025-11,105
292,2025-12,82
293,2023-01,67
293,2023-02,59
293,2023-03,51
293,2023-04,43
293,2023-05,44
293,2023-06,40
293,2023-07,48
293,2023-08,51
293,2023-09,81
293,2023-10,74
293,2023-11,81
293,2023-12,81
293,2024-01,70
293,2024-02,61
293,2024-03,43
293,2024-04,45
293,2024-05,39
293,2024-06,26
293,2024-07,52
293,2024-08,50
293,2024-09,70
293,2024-10,86
293,2024-11,88
293,2024-12,70
293,2025-01,78
293,2025-02,61
293,2025-03,49
293,2025-04,43
293,2025-05,38
293,2025-06,37
293,2025-07,59
293,2025-08,58
293,2025-09,71
293,2025-10,70
293,2025-11,61
293,2025-12,64
294,2023-01,287
294,2023-02,304
294,2023-03,253
294,2023-04,226
294,2023-05,202
294,2023-06,163
294,2023-07,148
294,2023-08,157
294,2023-09,181
294,2023-10,188
294,2023-11,269
294,2023-12,303
294,2024-01,313
294,2024-02,249
294,2024-03,302
294,2024-04,257
294,2024-05,175
294,2024-06,175
294,2024-07,121
294,2024-08,180
294,2024-09,216
294,2024-10,244
294,2024-11,216
294,2024-12,270
294,2025-01,292
294,2025-02,298
294,2025-03,295
294,2025-04,263
294,2025-05,184
294,2025-06,180
294,2025-07,169
294,2025-08,190
294,2025-09,207
294,2025-10,267
294,2025-11,323
294,2025-12,407
295,2023-01,53
295,2023-02,45
295,2023-03,41
295,2023-04,39
295,2023-05,34
295,2023-06,28
295,2023-07,51
295,2023-08,61
295,2023-09,72
295,2023-10,77
295,2023-11,72
295,2023-12,69
295,2024-01,47
295,2024-02,42
295,2024-03,38
295,2024-04,40
295,2024-05,40
295,2024-06,43
295,2024-07,49
295,2024-08,42
295,2024-09,73
295,2024-10,63
295,2024-11,86
295,2024-12,54
295,2025-01,58
295,2025-02,41
295,2025-03,35
295,2025-04,39
295,2025-05,39
295,2025-06,44
295,2025-07,59
295,2025-08,63
295,2025-09,72
295,2025-10,87
295,2025-11,71
295,2025-12,69
296,2023-01,108
296,2023-02,92
296,2023-03,75
296,2023-04,69
296,2023-05,49
296,2023-06,54
296,2023-07,61
296,2023-08,79
296,2023-09,104
296,2023-10,95
296,2023-11,108
296,2023-12,132
296,2024-01,106
296,2024-02,113
296,2024-03,100
296,2024-04,79
296,2024-05,75
296,2024-06,80
296,2024-07,83
296,2024-08,69
296,2024-09,90
296,2024-10,119
296,2024-11,116
296,2024-12,116
296,2025-01,135
296,2025-02,121
296,2025-03,123
296,2025-04,73
296,2025-05,80
296,2025-06,70
296,2025-07,80
296,2025-08,84
296,2025-09,134
296,2025-10,111
296,2025-11,159
296,2025-12,169
297,2023-01,85
297,2023-02,81
297,2023-03,126
297,2023-04,126
297,2023-05,144
297,2023-06,173
297,2023-07,184
297,2023-08,175
297,2023-09,175
297,2023-10,169
297,2023-11,130
297,2023-12,84
297,2024-01,100
297,2024-02,116
297,2024-03,111
297,2024-04,161
297,2024-05,193
297,2024-06,227
297,2024-07,278
297,2024-08,236
297,2024-09,188
297,2024-10,192
297,2024-11,138
297,2024-12,115
297,2025-01,129
297,2025-02,111
297,2025-03,148
297,2025-04,154
297,2025-05,212
297,2025-06,224
297,2025-07,215
297,2025-08,249
297,2025-09,226
297,2025-10,192
297,2025-11,163
297,2025-12,158
298,2023-01,65
298,2023-02,59
298,2023-03,52
298,2023-04,58
298,2023-05,53
298,2023-06,55
298,2023-07,59
298,2023-08,117
298,2023-09,98
298,2023-10,106
298,2023-11,87
298,2023-12,92
298,2024-01,77
298,2024-02,63
298,2024-03,58
298,2024-04,58
298,2024-05,49
298,2024-06,62
298,2024-07,81
298,2024-08,109
298,2024-09,136
298,2024-10,112
298,2024-11,116
298,2024-12,127
298,2025-01,86
298,2025-02,74
298,2025-03,63
298,2025-04,47
298,2025-05,60
298,2025-06,69
298,2025-07,72
298,2025-08,96
298,2025-09,122
298,2025-10,138
298,2025-11,120
298,2025-12,109
299,2023-01,96
299,2023-02,105
299,2023-03,88
299,2023-04,77
299,2023-05,87
299,2023-06,59
299,2023-07,58
299,2023-08,49
299,2023-09,50
299,2023-10,56
299,2023-11,70
299,2023-12,75
299,2024-01,93
299,2024-02,122
299,2024-03,93
299,2024-04,99
299,2024-05,78
299,2024-06,66
299,2024-07,45
299,2024-08,58
299,2024-09,57
299,2024-10,57
299,2024-11,79
299,2024-12,88
299,2025-01,96
299,2025-02,73
299,2025-03,124
299,2025-04,93
299,2025-05,86
299,2025-06,65
299,2025-07,57
299,2025-08,49
299,2025-09,67
299,2025-10,65
299,2025-11,76
299,2025-12,70
300,2023-01,27
300,2023-02,25
300,2023-03,29
300,2023-04,31
300,2023-05,31
300,2023-06,34
300,2023-07,41
300,2023-08,55
300,2023-09,53
300,2023-10,49
300,2023-11,37
300,2023-12,30
300,2024-01,27
300,2024-02,24
300,2024-03,26
300,2024-04,27
300,2024-05,38
300,2024-06,36
300,2024-07,50
300,2024-08,44
300,2024-09,50
300,2024-10,40
300,2024-11,37
300,2024-12,31
300,2025-01,20
300,2025-02,22
300,2025-03,19
300,2025-04,34
300,2025-05,29
300,2025-06,45
300,2025-07,45
300,2025-08,43
300,2025-09,40
300,2025-10,42
300,2025-11,37
300,2025-12,23
